ESNTL_ID,MLSFC_NM,FCLTY_NM,CTPRVN_NM,SIGNGU_NM,FCLTY_ROAD_NM_ADDR,LNM_ADDR,ADIT_DC
KCOCFPO23N000000047,문화시설,미락원,서울특별시,영등포구,"서울특별시 영등포구 선유로 269 (양평동4가, 약산상가아파트)",서울특별시 영등포구 양평동4가 160-2 약산상가아파트,할인적용최소연령 : 65
KCOCFPO23N000000048,문화시설,샐러디선유도역점,서울특별시,영등포구,서울특별시 영등포구 양평로21길 3 (양평동4가),서울특별시 영등포구 양평동4가 103,할인적용최소연령 : 65
KCOCFPO23N000000049,문화시설,새로나미용실,서울특별시,영등포구,서울특별시 영등포구 디지털로77길 10-1 (대림동),서울특별시 영등포구 대림동 903-34,할인적용최소연령 : 65
KCOCFPO23N000000050,문화시설,씨채널안경원,서울특별시,영등포구,서울특별시 영등포구 양평로 109 (양평동4가),서울특별시 영등포구 양평동4가 73,할인적용최소연령 : 65
KCOCFPO23N000000051,문화시설,라미라헤어클럽,서울특별시,영등포구,서울특별시 영등포구 도림로61길 33 (대림동),서울특별시 영등포구 대림동 749-14,할인적용최소연령 : 65
KCOCFPO23N000000052,문화시설,대림자동차공업사,서울특별시,영등포구,서울특별시 영등포구 대림로 188 (대림동),서울특별시 영등포구 대림동 692-1 로빌딩,할인적용최소연령 : 65
KCOCFPO23N000000053,문화시설,가고파플라워,서울특별시,영등포구,서울특별시 영등포구 대림로 185 (대림동),서울특별시 영등포구 대림동 739-3,할인적용최소연령 : 65
KCOCFPO23N000000054,문화시설,포토키모,서울특별시,영등포구,서울특별시 영등포구 대림로 248 (대림동),서울특별시 영등포구 대림동 651-7,할인적용최소연령 : 65
KCOCFPO23N000000055,문화시설,에덴사진관,서울특별시,영등포구,서울특별시 영등포구 대림로31길 13 (대림동),서울특별시 영등포구 대림동 722,할인적용최소연령 : 65
KCOCFPO23N000000056,문화시설,용명사,서울특별시,영등포구,서울특별시 영등포구 대림로 199 (대림동),서울특별시 영등포구 대림동 740-3 건용빌딩,할인적용최소연령 : 65
KCOCFPO23N000000058,문화시설,태희문구,서울특별시,영등포구,서울특별시 영등포구 도신로4길 13 (대림동),서울특별시 영등포구 대림동 783-15,할인적용최소연령 : 65
KCOCFPO23N000000059,문화시설,아이플라워 메이트,서울특별시,영등포구,서울특별시 영등포구 가마산로46길 9 (대림동),서울특별시 영등포구 대림동 672-6,할인적용최소연령 : 65
KCOCFPO23N000000061,문화시설,신동아 공인중개사사무소,서울특별시,영등포구,서울특별시 영등포구 대림로31길 40 (대림동),서울특별시 영등포구 대림동 777-1 신동아상가,할인적용최소연령 : 65
KCOCFPO23N000000062,문화시설,왈츠 동물병원,서울특별시,영등포구,서울특별시 영등포구 가마산로 324 (대림동),서울특별시 영등포구 대림동 776-2,할인적용최소연령 : 65
KCOCFPO23N000000063,문화시설,대림 그랑프리 안경원,서울특별시,영등포구,서울특별시 영등포구 도림로 129 (대림동),서울특별시 영등포구 대림동 1050-13 상도빌딩,할인적용최소연령 : 65
KCOCFPO23N000000064,문화시설,이태리 안경원,서울특별시,영등포구,서울특별시 영등포구 도림로 207 (대림동),서울특별시 영등포구 대림동 751-28 백조빌딩,할인적용최소연령 : 65
KCOCFPO23N000000065,문화시설,대중이발관,서울특별시,영등포구,서울특별시 영등포구 대림로44길 5 (대림동),서울특별시 영등포구 대림동 651-4 방남빌딩,할인적용최소연령 : 65
KCOCFPO23N000000066,문화시설,CU 편의점,서울특별시,영등포구,서울특별시 영등포구 대림로 209 (대림동),서울특별시 영등포구 대림동 775-7,할인적용최소연령 : 65
KCOCFPO23N000000067,문화시설,㈜미래사랑라이프,서울특별시,영등포구,서울특별시 영등포구 가마산로31길 26-1 (대림동),서울특별시 영등포구 대림동 801-9,할인적용최소연령 : 65
KCOCFPO23N000000068,문화시설,다솜식당,서울특별시,영등포구,서울특별시 영등포구 가마산로 338 (대림동),서울특별시 영등포구 대림동 775-4 이현빌딩,할인적용최소연령 : 65
KCOCFPO23N000000069,문화시설,종로김밥,서울특별시,영등포구,서울특별시 영등포구 대림로 202 (대림동),서울특별시 영등포구 대림동 689 문화빌딩,할인적용최소연령 : 65
KCOCFPO23N000000070,문화시설,로즈미용실,서울특별시,영등포구,서울특별시 영등포구 도신로8길 16 (대림동),서울특별시 영등포구 대림동 605-40,할인적용최소연령 : 65
KCOCFPO23N000000071,문화시설,성심식당,서울특별시,영등포구,서울특별시 영등포구 대림로 242 (대림동),서울특별시 영등포구 대림동 664,할인적용최소연령 : 65
KCOCFPO23N000000072,문화시설,도경수제숯불갈비,서울특별시,영등포구,서울특별시 영등포구 대림로 173 (대림동),서울특별시 영등포구 대림동 720-3,할인적용최소연령 : 65
KCOCFPO23N000000073,문화시설,㈜씨랄라,서울특별시,영등포구,서울특별시 영등포구 문래로 164 (문래동3가),서울특별시 영등포구 문래동3가 55-16 영등포 SK 리더스뷰,할인적용최소연령 : 65
KCOCFPO23N000000074,문화시설,용진만물사,서울특별시,영등포구,서울특별시 영등포구 여의대방로43길 8 (신길동),서울특별시 영등포구 신길동 1058,할인적용최소연령 : 65
KCOCFPO23N000000075,문화시설,허브팜,서울특별시,영등포구,서울특별시 영등포구 여의대방로43길 8 (신길동),서울특별시 영등포구 신길동 1058,할인적용최소연령 : 65
KCOCFPO23N000000076,문화시설,중앙사,서울특별시,영등포구,서울특별시 영등포구 시흥대로 671 (대림동),서울특별시 영등포구 대림동 960-4,할인적용최소연령 : 65
KCOCFPO23N000000077,문화시설,제일 미 헤어,서울특별시,영등포구,서울특별시 영등포구 디지털로67길 4 (대림동),서울특별시 영등포구 대림동 881-8,할인적용최소연령 : 65
KCOCFPO23N000000078,문화시설,CM헤어 살롱,서울특별시,영등포구,서울특별시 영등포구 디지털로 461-2 (대림동),서울특별시 영등포구 대림동 909-18,할인적용최소연령 : 65
KCOCFPO23N000000079,문화시설,나리미용실,서울특별시,영등포구,서울특별시 영등포구 시흥대로183길 9 (대림동),서울특별시 영등포구 대림동 976-9,할인적용최소연령 : 65
KCOCFPO23N000000080,문화시설,댕기머리,서울특별시,영등포구,서울특별시 영등포구 신길로15길 18 (대림동),서울특별시 영등포구 대림동 906-59,할인적용최소연령 : 65
KCOCFPO23N000000082,문화시설,조복순헤어,서울특별시,영등포구,서울특별시 영등포구 디지털로57길 24 (대림동),서울특별시 영등포구 대림동 832-32,할인적용최소연령 : 65
KCOCFPO23N000000083,문화시설,남문떡집,서울특별시,영등포구,서울특별시 영등포구 디지털로37나길 4 (대림동),서울특별시 영등포구 대림동 1069-12,할인적용최소연령 : 65
KCOCFPO23N000000084,문화시설,종로떡집,서울특별시,영등포구,서울특별시 영등포구 디지털로53길 17 (대림동),서울특별시 영등포구 대림동 1036-14,할인적용최소연령 : 65
KCOCFPO23N000000085,문화시설,보광슈퍼,서울특별시,영등포구,서울특별시 영등포구 대림로23길 21 (대림동),서울특별시 영등포구 대림동 704 가온터,할인적용최소연령 : 65
KCOCFPO23N000000086,문화시설,뽀끌래짜를래,서울특별시,영등포구,서울특별시 영등포구 디지털로38길 9 (대림동),서울특별시 영등포구 대림동 1092-40,할인적용최소연령 : 65
KCOCFPO23N000000087,문화시설,아이니안경원,서울특별시,영등포구,서울특별시 영등포구 대림로19길 14 (대림동),서울특별시 영등포구 대림동 1036-3,할인적용최소연령 : 65
KCOCFPO23N000000088,문화시설,금강 보청기 영등포점,서울특별시,영등포구,서울특별시 영등포구 도림천로 367 (대림동),서울특별시 영등포구 대림동 1053-12 금창빌딩,할인적용최소연령 : 65
KCOCFPO23N000000089,문화시설,조가네 외양간,서울특별시,영등포구,서울특별시 영등포구 시흥대로175길 11-1 (대림동),서울특별시 영등포구 대림동 993-27,할인적용최소연령 : 65
KCOCFPO23N000000090,문화시설,이화토탈뷰티샵,서울특별시,영등포구,서울특별시 영등포구 디지털로54길 17 (대림동),서울특별시 영등포구 대림동 1022-39,할인적용최소연령 : 65
KCOCFPO23N000000091,문화시설,선프라자화원(대진꽃화원),서울특별시,영등포구,서울특별시 영등포구 시흥대로 621 (대림동),서울특별시 영등포구 대림동 990-89,할인적용최소연령 : 65
KCOCFPO23N000000092,문화시설,무림공인중개사사무소,서울특별시,영등포구,서울특별시 영등포구 도림천로21길 26 (대림동),서울특별시 영등포구 대림동 993-8,할인적용최소연령 : 65
KCOCFPO23N000000093,문화시설,한마음 부동산,서울특별시,영등포구,서울특별시 영등포구 대림로23가길 2 (대림동),서울특별시 영등포구 대림동 704-1,할인적용최소연령 : 65
KCOCFPO23N000000094,문화시설,무진공인중개사무소,서울특별시,영등포구,서울특별시 영등포구 디지털로 341 (대림동),서울특별시 영등포구 대림동 1083-24,할인적용최소연령 : 65
KCOCFPO23N000000095,문화시설,헤어사랑,서울특별시,영등포구,서울특별시 영등포구 시흥대로175길 16 (대림동),서울특별시 영등포구 대림동 990-118,할인적용최소연령 : 65
KCOCFPO23N000000096,문화시설,하트플라워,서울특별시,영등포구,서울특별시 영등포구 대림로23길 16 (대림동),서울특별시 영등포구 대림동 706-7,할인적용최소연령 : 65
KCOCFPO23N000000097,문화시설,준오헤어 강남우성점,서울특별시,서초구,서울특별시 서초구 사임당로 174 (서초동),서울특별시 서초구 서초동 1337 강남미래타워,할인적용최소연령 : 70
KCOCFPO23N000000098,문화시설,헤어홀릭,서울특별시,서초구,서울특별시 서초구 효령로 384 (서초동),서울특별시 서초구 서초동 1343-1,할인적용최소연령 : 70
KCOCFPO23N000000099,문화시설,전주콩나루콩나물국밥,서울특별시,서초구,서울특별시 서초구 강남대로37길 55-3 (서초동),서울특별시 서초구 서초동 1365-5,할인적용최소연령 : 70
KCOCFPO23N000000100,문화시설,연화산,서울특별시,서초구,서울특별시 서초구 효령로72길 15 (서초동),서울특별시 서초구 서초동 1343-16,할인적용최소연령 : 70
KCOCFPO23N000000101,문화시설,시골집,서울특별시,서초구,서울특별시 서초구 반포대로10길 7 (서초동),서울특별시 서초구 서초동 1459-11 청학빌딩,할인적용최소연령 : 70
KCOCFPO23N000000102,문화시설,돈천지,서울특별시,서초구,서울특별시 서초구 서초대로42길 71 (서초동),서울특별시 서초구 서초동 1548-4 거림빌딩,할인적용최소연령 : 70
KCOCFPO23N000000103,문화시설,SH당구클럽(스카이),서울특별시,서초구,서울특별시 서초구 서초대로40길 88 (서초동),서울특별시 서초구 서초동 1510-3,할인적용최소연령 : 70
KCOCFPO23N000000104,문화시설,예당떡방,서울특별시,서초구,"서울특별시 서초구 반포대로21길 27 (서초동, 화원그랑빌 아파트)",서울특별시 서초구 서초동 1510-15 화원그랑빌 아파트,할인적용최소연령 : 70
KCOCFPO23N000000105,문화시설,이모네 식당,서울특별시,서초구,서울특별시 서초구 강남대로97길 49-22 (잠원동),서울특별시 서초구 잠원동 24-19,할인적용최소연령 : 65
KCOCFPO23N000000106,문화시설,온정신사왕돌판오리구이,서울특별시,서초구,서울특별시 서초구 나루터로12길 20 (잠원동),서울특별시 서초구 잠원동 23-22 신화빌딩,할인적용최소연령 : 65
KCOCFPO23N000000107,문화시설,현지네,서울특별시,서초구,서울특별시 서초구 강남대로 545-15 (반포동),서울특별시 서초구 반포동 708-1 미주빌딩,할인적용최소연령 : 70
KCOCFPO23N000000108,문화시설,신이주신선물 오리고기 싸고 맛있는집,서울특별시,서초구,서울특별시 서초구 신반포로 334 (반포동),서울특별시 서초구 반포동 706-3 세화빌딩,할인적용최소연령 : 70
KCOCFPO23N000000109,문화시설,일공공일안경콘택트,서울특별시,서초구,서울특별시 서초구 잠원로 69 (잠원동),서울특별시 서초구 잠원동 70-1 킴스클럽,할인적용최소연령 : 65
KCOCFPO23N000000110,문화시설,늘솜 서래점,서울특별시,서초구,서울특별시 서초구 사평대로26길 40 (반포동),서울특별시 서초구 반포동 91-3 리윤빌딩,할인적용최소연령 : 70
KCOCFPO23N000000111,문화시설,달빛한스푼,서울특별시,서초구,서울특별시 서초구 방배중앙로 165 (방배동),서울특별시 서초구 방배동 778-9 수향빌딩,할인적용최소연령 : 65
KCOCFPO23N000000112,문화시설,김세아 미용실,서울특별시,서초구,서울특별시 서초구 방배로35길 37 (방배동),서울특별시 서초구 방배동 792-14,할인적용최소연령 : 65
KCOCFPO23N000000119,문화시설,김밥천국,서울특별시,광진구,서울특별시 광진구 뚝섬로32길 31 (자양동),서울특별시 광진구 자양동 48-35,할인적용최소연령 : 65
KCOCFPO23N000000120,문화시설,이동왕갈비,서울특별시,광진구,서울특별시 광진구 뚝섬로30길 45 (자양동),서울특별시 광진구 자양동 553-261,할인적용최소연령 : 65
KCOCFPO23N000000121,문화시설,청담동꿀꽈배기,서울특별시,광진구,서울특별시 광진구 뚝섬로32길 24 (자양동),서울특별시 광진구 자양동 48-15,할인적용최소연령 : 65
KCOCFPO23N000000122,문화시설,본가왕뼈,서울특별시,광진구,서울특별시 광진구 능동로19길 8 (화양동),서울특별시 광진구 화양동 226,할인적용최소연령 : 65
KCOCFPO23N000000123,문화시설,애니 스튜디오,서울특별시,광진구,서울특별시 광진구 광나루로 442 (화양동),서울특별시 광진구 화양동 467-1 동일빌딩,할인적용최소연령 : 65
KCOCFPO23N000000124,문화시설,짱돌,서울특별시,광진구,서울특별시 광진구 군자로 32-1 (화양동),서울특별시 광진구 화양동 132-49,할인적용최소연령 : 65
KCOCFPO23N000000125,문화시설,연이네식당,서울특별시,광진구,서울특별시 광진구 군자로 23 (화양동),서울특별시 광진구 화양동 15-2,할인적용최소연령 : 65
KCOCFPO23N000000126,문화시설,경성꽈배기화양점,서울특별시,광진구,서울특별시 광진구 군자로 35 (화양동),서울특별시 광진구 화양동 16-1,할인적용최소연령 : 65
KCOCFPO23N000000127,문화시설,재희네식당,서울특별시,광진구,서울특별시 광진구 군자로 21 (화양동),서울특별시 광진구 화양동 15-6,할인적용최소연령 : 65
KCOCFPO23N000000128,문화시설,화양순대국감자탕,서울특별시,광진구,서울특별시 광진구 군자로 39 (화양동),서울특별시 광진구 화양동 17-34,할인적용최소연령 : 65
KCOCFPO23N000000129,문화시설,태후사랑,서울특별시,광진구,서울특별시 광진구 동일로30길 50-4 (화양동),서울특별시 광진구 화양동 17-4,할인적용최소연령 : 65
KCOCFPO23N000000130,문화시설,공주식당,서울특별시,광진구,서울특별시 광진구 군자로 137 (군자동),서울특별시 광진구 군자동 64-1,할인적용최소연령 : 65
KCOCFPO23N000000131,문화시설,루디아헤어,서울특별시,광진구,서울특별시 광진구 군자로 159 (군자동),서울특별시 광진구 군자동 51-24,할인적용최소연령 : 65
KCOCFPO23N000000132,문화시설,오티오안경원(구 불란서),서울특별시,광진구,서울특별시 광진구 군자로 85 (군자동),서울특별시 광진구 군자동 345-20,할인적용최소연령 : 65
KCOCFPO23N000000133,문화시설,세종대구내안경,서울특별시,광진구,서울특별시 광진구 능동로 209 (군자동),서울특별시 광진구 군자동 98 세종대학교,할인적용최소연령 : 65
KCOCFPO23N000000134,문화시설,눈편한안경,서울특별시,광진구,서울특별시 광진구 군자로 142 (군자동),서울특별시 광진구 군자동 66-9,할인적용최소연령 : 65
KCOCFPO23N000000135,문화시설,예원스튜디오,서울특별시,광진구,서울특별시 광진구 군자로 138 (군자동),서울특별시 광진구 군자동 64-9 성음빌딩,할인적용최소연령 : 65
KCOCFPO23N000000136,문화시설,장안숯불갈비,서울특별시,광진구,서울특별시 광진구 면목로 6 (군자동),서울특별시 광진구 군자동 53-10,할인적용최소연령 : 65
KCOCFPO23N000000137,문화시설,전진유리,서울특별시,광진구,서울특별시 광진구 군자로 148 (군자동),서울특별시 광진구 군자동 68-3,할인적용최소연령 : 65
KCOCFPO23N000000143,문화시설,오목대,서울특별시,광진구,서울특별시 광진구 동일로80길 23 (중곡동),서울특별시 광진구 중곡동 577-1,할인적용최소연령 : 65
KCOCFPO23N000000144,문화시설,헤어보떼,서울특별시,광진구,서울특별시 광진구 긴고랑로 162 (중곡동),서울특별시 광진구 중곡동 75-6 용마빌라,할인적용최소연령 : 65
KCOCFPO23N000000145,문화시설,호수목욕탕,서울특별시,광진구,서울특별시 광진구 긴고랑로42길 3-31 (중곡동),서울특별시 광진구 중곡동 74-28 효수목욕탕,할인적용최소연령 : 65
KCOCFPO23N000000146,문화시설,동네식당,서울특별시,광진구,서울특별시 광진구 긴고랑로36길 18 (중곡동),서울특별시 광진구 중곡동 78-41,할인적용최소연령 : 65
KCOCFPO23N000000147,문화시설,삼일이용원,서울특별시,광진구,서울특별시 광진구 긴고랑로36길 49 (중곡동),서울특별시 광진구 중곡동 85-34,할인적용최소연령 : 65
KCOCFPO23N000000148,문화시설,유일설렁탕,서울특별시,광진구,서울특별시 광진구 용마산로 154 (중곡동),서울특별시 광진구 중곡동 18-13 유일설렁탕,할인적용최소연령 : 65
KCOCFPO23N000000149,문화시설,쌍둥이숯불갈비,서울특별시,광진구,서울특별시 광진구 용마산로 158 (중곡동),서울특별시 광진구 중곡동 18-11 혜진빌딩,할인적용최소연령 : 65
KCOCFPO23N000000150,문화시설,브레드 월드,서울특별시,광진구,서울특별시 광진구 영화사로 18 (중곡동),서울특별시 광진구 중곡동 82-1,할인적용최소연령 : 65
KCOCFPO23N000000151,문화시설,서승미헤어단,서울특별시,광진구,서울특별시 광진구 용마산로24길 6 (중곡동),서울특별시 광진구 중곡동 18-87,할인적용최소연령 : 65
KCOCFPO23N000000152,문화시설,아이원안경콘택트,서울특별시,광진구,서울특별시 광진구 용마산로 54 (중곡동),서울특별시 광진구 중곡동 79-2,할인적용최소연령 : 65
KCOCFPO23N000000153,문화시설,연일노래방,서울특별시,광진구,서울특별시 광진구 천호대로129길 5 (중곡동),서울특별시 광진구 중곡동 115-20,할인적용최소연령 : 65
KCOCFPO23N000000154,문화시설,아감한우정육식당,서울특별시,광진구,서울특별시 광진구 영화사로 7 (중곡동),서울특별시 광진구 중곡동 78-25,할인적용최소연령 : 65
KCOCFPO23N000000155,문화시설,필모먼트,서울특별시,광진구,"서울특별시 광진구 용마산로16길 11 (중곡동, 아이칸렉스빌)",서울특별시 광진구 중곡동 150-47 아이칸렉스빌,할인적용최소연령 : 65
KCOCFPO23N000000156,문화시설,성모미용실,서울특별시,광진구,서울특별시 광진구 능동로32길 45 (능동),서울특별시 광진구 능동 234-20,할인적용최소연령 : 65
KCOCFPO23N000000157,문화시설,스타노래방,서울특별시,광진구,서울특별시 광진구 능동로36길 40 (능동),서울특별시 광진구 능동 223-7,할인적용최소연령 : 65
KCOCFPO23N000000158,문화시설,춤추는노래방,서울특별시,광진구,서울특별시 광진구 능동로36길 32 (능동),서울특별시 광진구 능동 223-39,할인적용최소연령 : 65
KCOCFPO23N000000159,문화시설,대봉숯불갈비,서울특별시,광진구,서울특별시 광진구 능동로36길 32 (능동),서울특별시 광진구 능동 223-39,할인적용최소연령 : 65
KCOCFPO23N000000160,문화시설,안경콘택트맨(MAN),서울특별시,광진구,서울특별시 광진구 천호대로112길 7 (능동),서울특별시 광진구 능동 236-10 보원빌딩,할인적용최소연령 : 65
KCOCFPO23N000000161,문화시설,순애식당,서울특별시,광진구,서울특별시 광진구 천호대로112길 36 (능동),서울특별시 광진구 능동 224-29,할인적용최소연령 : 65
KCOCFPO23N000000162,문화시설,호아빈 군자역점,서울특별시,광진구,서울특별시 광진구 능동로 300 (능동),서울특별시 광진구 능동 276-4,할인적용최소연령 : 65
KCOCFPO23N000000163,문화시설,신성이발관,서울특별시,광진구,서울특별시 광진구 자양로26길 14 (구의동),서울특별시 광진구 구의동 251-154,할인적용최소연령 : 65
KCOCFPO23N000000166,문화시설,갤러리헤어,서울특별시,광진구,서울특별시 광진구 동일로72길 46 (중곡동),서울특별시 광진구 중곡동 232-1,할인적용최소연령 : 65
KCOCFPO23N000000167,문화시설,나이스포토,서울특별시,광진구,서울특별시 광진구 면목로 120 (중곡동),서울특별시 광진구 중곡동 230-11 광남타운,할인적용최소연령 : 65
KCOCFPO23N000000168,문화시설,안경매니져(중곡점),서울특별시,광진구,서울특별시 광진구 면목로 116 (중곡동),서울특별시 광진구 중곡동 230-10,할인적용최소연령 : 65
KCOCFPO23N000000169,문화시설,그랑프리안경원,서울특별시,광진구,서울특별시 광진구 면목로 114 (중곡동),서울특별시 광진구 중곡동 241-1,할인적용최소연령 : 65
KCOCFPO23N000000170,문화시설,아띠랑,서울특별시,광진구,서울특별시 광진구 긴고랑로14길 25 (중곡동),서울특별시 광진구 중곡동 163-26,할인적용최소연령 : 65
KCOCFPO23N000000171,문화시설,팔당왕족발,서울특별시,광진구,서울특별시 광진구 능동로 368 (중곡동),서울특별시 광진구 중곡동 41-20,할인적용최소연령 : 65
KCOCFPO23N000000172,문화시설,안성이발관,서울특별시,광진구,서울특별시 광진구 능동로42길 25 (중곡동),서울특별시 광진구 중곡동 49-31,할인적용최소연령 : 65
KCOCFPO23N000000173,문화시설,유경희헤어칼럼,서울특별시,광진구,서울특별시 광진구 용마산로21길 61 (중곡동),서울특별시 광진구 중곡동 35-12,할인적용최소연령 : 65
KCOCFPO23N000000174,문화시설,헤어아이디,서울특별시,광진구,서울특별시 광진구 능동로48길 75 (중곡동),서울특별시 광진구 중곡동 150-149,할인적용최소연령 : 65
KCOCFPO23N000000175,문화시설,팡세미용실,서울특별시,광진구,서울특별시 광진구 천호대로125길 45 (중곡동),서울특별시 광진구 중곡동 122-32,할인적용최소연령 : 65
KCOCFPO23N000000176,문화시설,안경하우스,서울특별시,광진구,서울특별시 광진구 용마산로 53 (중곡동),서울특별시 광진구 중곡동 124-22,할인적용최소연령 : 65
KCOCFPO23N000000177,문화시설,금강숯불생고기,서울특별시,광진구,서울특별시 광진구 용마산로7길 9 (중곡동),서울특별시 광진구 중곡동 124-3,할인적용최소연령 : 65
KCOCFPO23N000000178,문화시설,장군갈비,서울특별시,광진구,서울특별시 광진구 용마산로 11 (중곡동),서울특별시 광진구 중곡동 117-11 장군갈비,할인적용최소연령 : 65
KCOCFPO23N000000179,문화시설,원주이발소,서울특별시,광진구,서울특별시 광진구 긴고랑로22길 18 (중곡동),서울특별시 광진구 중곡동 44-8,할인적용최소연령 : 65
KCOCFPO23N000000180,문화시설,실로암목욕탕,서울특별시,광진구,서울특별시 광진구 용마산로 171 (중곡동),서울특별시 광진구 중곡동 169-80,할인적용최소연령 : 65
KCOCFPO23N000000181,문화시설,사르망안경원,서울특별시,광진구,서울특별시 광진구 능동로49길 28 (중곡동),서울특별시 광진구 중곡동 220-38,할인적용최소연령 : 65
KCOCFPO23N000000182,문화시설,안경라인,서울특별시,광진구,서울특별시 광진구 면목로 195-1 (중곡동),서울특별시 광진구 중곡동 558-1,할인적용최소연령 : 65
KCOCFPO23N000000183,문화시설,동진미용실,서울특별시,광진구,서울특별시 광진구 능동로55길 30 (중곡동),서울특별시 광진구 중곡동 169-12,할인적용최소연령 : 65
KCOCFPO23N000000184,문화시설,테랑 알이랑 콘택트,서울특별시,광진구,서울특별시 광진구 면목로 131-1 (중곡동),서울특별시 광진구 중곡동 192-27,할인적용최소연령 : 65
KCOCFPO23N000000185,문화시설,보령사,서울특별시,광진구,서울특별시 광진구 긴고랑로9길 56 (중곡동),서울특별시 광진구 중곡동 220-19,할인적용최소연령 : 65
KCOCFPO23N000000186,문화시설,2002 노래연습장,서울특별시,광진구,서울특별시 광진구 면목로 169 (중곡동),서울특별시 광진구 중곡동 691-6,할인적용최소연령 : 65
KCOCFPO23N000000187,문화시설,다비다 식당,서울특별시,광진구,서울특별시 광진구 동일로 444 (중곡동),서울특별시 광진구 중곡동 181-13,할인적용최소연령 : 65
KCOCFPO23N000000188,문화시설,새빛안경원,서울특별시,광진구,서울특별시 광진구 긴고랑로9길 51 (중곡동),서울특별시 광진구 중곡동 193-10,할인적용최소연령 : 65
KCOCFPO23N000000196,문화시설,참숯고깃골,서울특별시,서초구,서울특별시 서초구 방배천로8길 5 (방배동),서울특별시 서초구 방배동 455-17 대왕빌딩,할인적용최소연령 : 70
KCOCFPO23N000000197,문화시설,팡파르헤어클럽,서울특별시,서초구,서울특별시 서초구 효령로2길 17 (방배동),서울특별시 서초구 방배동 478-17,할인적용최소연령 : 70
KCOCFPO23N000000199,문화시설,밀라스킨락,서울특별시,서초구,서울특별시 서초구 방배중앙로 175 (방배동),서울특별시 서초구 방배동 768-12 브람스빌딩,할인적용최소연령 : 65
KCOCFPO23N000000200,문화시설,YJ예주(1호점),서울특별시,서초구,서울특별시 서초구 방배로31길 36 (방배동),서울특별시 서초구 방배동 816-6,할인적용최소연령 : 65
KCOCFPO23N000000201,문화시설,우면동소바,서울특별시,서초구,서울특별시 서초구 바우뫼로 14 (우면동),서울특별시 서초구 우면동 2-4 중원빌딩,할인적용최소연령 : 65
KCOCFPO23N000000202,문화시설,삼겹사랑,서울특별시,서초구,서울특별시 서초구 바우뫼로35길 3 (양재동),서울특별시 서초구 양재동 20-32 가은빌딩,할인적용최소연령 : 65
KCOCFPO23N000000203,문화시설,예다움 헤어,서울특별시,서초구,서울특별시 서초구 양재대로2길 100-61 (우면동),서울특별시 서초구 우면동 765 미라쉘,할인적용최소연령 : 65
KCOCFPO23N000000204,문화시설,에이바헤어,서울특별시,서초구,서울특별시 서초구 마방로2길 74 (양재동),서울특별시 서초구 양재동 316-3,할인적용최소연령 : 65
KCOCFPO23N000000205,문화시설,행복밥상,서울특별시,서초구,서울특별시 서초구 마방로10길 18-15 (양재동),서울특별시 서초구 양재동 267-2 극동빌딩,할인적용최소연령 : 70
KCOCFPO23N000000207,문화시설,블루민헤어,서울특별시,광진구,서울특별시 광진구 뚝섬로 590 (자양동),서울특별시 광진구 자양동 581-1 아주빌딩,할인적용최소연령 : 65
KCOCFPO23N000000208,문화시설,기분꽃같네,서울특별시,광진구,서울특별시 광진구 뚝섬로40길 12 (자양동),서울특별시 광진구 자양동 461-1,할인적용최소연령 : 65
KCOCFPO23N000000209,문화시설,대신사,서울특별시,광진구,서울특별시 광진구 뚝섬로36길 15 (자양동),서울특별시 광진구 자양동 553-36,할인적용최소연령 : 65
KCOCFPO23N000000210,문화시설,이도희 머리방,서울특별시,광진구,서울특별시 광진구 아차산로36길 35 (자양동),서울특별시 광진구 자양동 783-1 자양우성7차아파트 상가동,할인적용최소연령 : 65
KCOCFPO23N000000211,문화시설,멋샘 미용실,서울특별시,광진구,서울특별시 광진구 뚝섬로36길 49 (자양동),서울특별시 광진구 자양동 497-4,할인적용최소연령 : 65
KCOCFPO23N000000212,문화시설,현대이발관,서울특별시,광진구,서울특별시 광진구 능동로7길 60 (자양동),서울특별시 광진구 자양동 846-11,할인적용최소연령 : 65
KCOCFPO23N000000213,문화시설,현대세탁소,서울특별시,광진구,서울특별시 광진구 뚝섬로23가길 12 (자양동),서울특별시 광진구 자양동 845-1,할인적용최소연령 : 65
KCOCFPO23N000000214,문화시설,미영사진관,서울특별시,광진구,서울특별시 광진구 아차산로 220 (자양동),서울특별시 광진구 자양동 8-1,할인적용최소연령 : 65
KCOCFPO23N000000215,문화시설,명기원,서울특별시,광진구,서울특별시 광진구 아차산로 218 (자양동),서울특별시 광진구 자양동 8-24 성원빌딩,할인적용최소연령 : 65
KCOCFPO23N000000216,문화시설,정성이용원,서울특별시,광진구,서울특별시 광진구 뚝섬로26길 33 (자양동),서울특별시 광진구 자양동 47-46,할인적용최소연령 : 65
KCOCFPO23N000000217,문화시설,모던안경원,서울특별시,광진구,서울특별시 광진구 뚝섬로 486 (자양동),서울특별시 광진구 자양동 51-29,할인적용최소연령 : 65
KCOCFPO23N000000218,문화시설,테라스가 있는 안경원,서울특별시,광진구,서울특별시 광진구 뚝섬로 510 (자양동),서울특별시 광진구 자양동 553-187,할인적용최소연령 : 65
KCOCFPO23N000000219,문화시설,미스터원 헤어컷,서울특별시,광진구,서울특별시 광진구 뚝섬로56길 14 (자양동),서울특별시 광진구 자양동 652-38,할인적용최소연령 : 65
KCOCFPO23N000000220,문화시설,경기사진관,서울특별시,광진구,서울특별시 광진구 뚝섬로 642 (자양동),서울특별시 광진구 자양동 636-5,할인적용최소연령 : 65
KCOCFPO23N000000221,문화시설,백왕사세탁소,서울특별시,광진구,서울특별시 광진구 자양로6길 25 (자양동),서울특별시 광진구 자양동 682-12,할인적용최소연령 : 65
KCOCFPO23N000000222,문화시설,자양세탁소,서울특별시,광진구,서울특별시 광진구 자양번영로6길 39 (자양동),서울특별시 광진구 자양동 607-38,할인적용최소연령 : 65
KCOCFPO23N000000223,문화시설,스타노래방,서울특별시,광진구,서울특별시 광진구 자양번영로6길 68 (자양동),서울특별시 광진구 자양동 605-5,할인적용최소연령 : 65
KCOCFPO23N000000224,문화시설,방방노래방,서울특별시,광진구,서울특별시 광진구 뚝섬로 642 (자양동),서울특별시 광진구 자양동 636-5,할인적용최소연령 : 65
KCOCFPO23N000000225,문화시설,싱글벙글노래방,서울특별시,광진구,서울특별시 광진구 뚝섬로 678 (자양동),서울특별시 광진구 자양동 679-25,할인적용최소연령 : 65
KCOCFPO23N000000227,문화시설,마돈나노래방,서울특별시,광진구,서울특별시 광진구 자양로 49 (자양동),서울특별시 광진구 자양동 679-31,할인적용최소연령 : 65
KCOCFPO23N000000228,문화시설,뉴월드세탁소,서울특별시,광진구,서울특별시 광진구 뚝섬로52마길 60 (자양동),서울특별시 광진구 자양동 644 로얄동아아파트,할인적용최소연령 : 65
KCOCFPO23N000000229,문화시설,돈이네삼겹살,서울특별시,광진구,서울특별시 광진구 자양번영로6길 5 (자양동),서울특별시 광진구 자양동 608-23,할인적용최소연령 : 65
KCOCFPO23N000000230,문화시설,오드리헤어숍,서울특별시,광진구,서울특별시 광진구 뚝섬로58길 19 (자양동),서울특별시 광진구 자양동 678-1 자양동 광성빌딩,할인적용최소연령 : 65
KCOCFPO23N000000231,문화시설,서울회관,서울특별시,광진구,서울특별시 광진구 뚝섬로52길 13 (자양동),서울특별시 광진구 자양동 637,할인적용최소연령 : 65
KCOCFPO23N000000232,문화시설,우정이용원,서울특별시,광진구,"서울특별시 광진구 자양로5길 33 (자양동, 와이엠프라젠스파)",서울특별시 광진구 자양동 663-21 와이엠프라젠스파,할인적용최소연령 : 65
KCOCFPO23N000000233,문화시설,일광세탁소,서울특별시,광진구,서울특별시 광진구 자양로3길 34 (자양동),서울특별시 광진구 자양동 664-5,할인적용최소연령 : 65
KCOCFPO23N000000234,문화시설,마루갈비,서울특별시,광진구,서울특별시 광진구 자양로6길 8 (자양동),서울특별시 광진구 자양동 685-2,할인적용최소연령 : 65
KCOCFPO23N000000235,문화시설,안채,서울특별시,광진구,서울특별시 광진구 뚝섬로58길 19 (자양동),서울특별시 광진구 자양동 678-1 자양동 광성빌딩,할인적용최소연령 : 65
KCOCFPO23N000000236,문화시설,한솥도시락,서울특별시,광진구,"서울특별시 광진구 뚝섬로 553 (자양동, 자양우성5차아파트)",서울특별시 광진구 자양동 553-41 자양우성5차아파트,할인적용최소연령 : 65
KCOCFPO23N000000237,문화시설,모짜르트미용실,서울특별시,광진구,서울특별시 광진구 자양번영로1길 12 (자양동),서울특별시 광진구 자양동 584-20,할인적용최소연령 : 65
KCOCFPO23N000000238,문화시설,광명사,서울특별시,광진구,서울특별시 광진구 자양번영로1길 12 (자양동),서울특별시 광진구 자양동 584-20,할인적용최소연령 : 65
KCOCFPO23N000000240,문화시설,아우네 우리 돼지,서울특별시,광진구,서울특별시 광진구 자양번영로 15 (자양동),서울특별시 광진구 자양동 584-28 우신빌딩,할인적용최소연령 : 65
KCOCFPO23N000000264,문화시설,화돌농장,서울특별시,서초구,서울특별시 서초구 매헌로16길 6 (양재동),서울특별시 서초구 양재동 204 푸른솔빌딩,할인적용최소연령 : 70
KCOCFPO23N000000265,문화시설,애니마 미용실,서울특별시,서초구,서울특별시 서초구 논현로13길 20 (양재동),서울특별시 서초구 양재동 284,할인적용최소연령 : 70
KCOCFPO23N000000266,문화시설,머리쟁이,서울특별시,서초구,서울특별시 서초구 강남대로8길 65-18 (양재동),서울특별시 서초구 양재동 334-13 스타카토빌딩,할인적용최소연령 : 70
KCOCFPO23N000000271,문화시설,푸딩포토,서울특별시,영등포구,서울특별시 영등포구 신길로 159 (신길동),서울특별시 영등포구 신길동 234-5,할인적용최소연령 : 65
KCOCFPO23N000000272,문화시설,이미자 공인중개사사무소,서울특별시,영등포구,서울특별시 영등포구 도신로48길 8 (신길동),서울특별시 영등포구 신길동 196-39,할인적용최소연령 : 65
KCOCFPO23N000000273,문화시설,㈜미코바이오,서울특별시,영등포구,서울특별시 영등포구 신길로 182 (신길동),서울특별시 영등포구 신길동 223-7,할인적용최소연령 : 65
KCOCFPO23N000000274,문화시설,아울렛 안경,서울특별시,영등포구,서울특별시 영등포구 신길로 164 (신길동),서울특별시 영등포구 신길동 4902,할인적용최소연령 : 65
KCOCFPO23N000000276,문화시설,가보자식당,서울특별시,영등포구,서울특별시 영등포구 신길로42길 15 (신길동),서울특별시 영등포구 신길동 209-169,할인적용최소연령 : 65
KCOCFPO23N000000277,문화시설,월드카,서울특별시,영등포구,서울특별시 영등포구 도신로52길 2 (신길동),서울특별시 영등포구 신길동 159-34,할인적용최소연령 : 65
KCOCFPO23N000000278,문화시설,홍어마을,서울특별시,영등포구,서울특별시 영등포구 도신로 184 (신길동),서울특별시 영등포구 신길동 214-58,할인적용최소연령 : 65
KCOCFPO23N000000279,문화시설,원조호수삼계탕,서울특별시,영등포구,서울특별시 영등포구 도림로 274-1 (신길동),서울특별시 영등포구 신길동 342-325,할인적용최소연령 : 65
KCOCFPO23N000000280,문화시설,똥쌍피 노래연습실,서울특별시,영등포구,서울특별시 영등포구 도림로64길 4 (신길동),서울특별시 영등포구 신길동 440-78,할인적용최소연령 : 65
KCOCFPO23N000000281,문화시설,오뚜기 포차,서울특별시,영등포구,서울특별시 영등포구 도림로64길 6 (대림동),서울특별시 영등포구 대림동 906-148,할인적용최소연령 : 65
KCOCFPO23N000000282,문화시설,양고바우설렁탕,서울특별시,영등포구,서울특별시 영등포구 도림로 272 (신길동),서울특별시 영등포구 신길동 400-5,할인적용최소연령 : 65
KCOCFPO23N000000283,문화시설,이맛이딱이야,서울특별시,영등포구,서울특별시 영등포구 신길로 107-1 (신길동),서울특별시 영등포구 신길동 253-248,할인적용최소연령 : 65
KCOCFPO23N000000285,문화시설,종합건강백화점,서울특별시,영등포구,서울특별시 영등포구 대방천로 183 (신길동),서울특별시 영등포구 신길동 3778,할인적용최소연령 : 65
KCOCFPO23N000000286,문화시설,전설의 옛날통닭,서울특별시,영등포구,서울특별시 영등포구 대방천로 165-13 (신길동),서울특별시 영등포구 신길동 3661,할인적용최소연령 : 65
KCOCFPO23N000000287,문화시설,유은정보,서울특별시,영등포구,서울특별시 영등포구 신풍로 52 (신길동),서울특별시 영등포구 신길동 3856,할인적용최소연령 : 65
KCOCFPO23N000000288,문화시설,칠보생고기,서울특별시,성동구,서울특별시 성동구 용답중앙11길 17-1 (용답동),서울특별시 성동구 용답동 97-6 인터파크,할인적용최소연령 : 70
KCOCFPO23N000000290,문화시설,동태별곡 우거지동태탕,서울특별시,성동구,서울특별시 성동구 왕십리로 287 (행당동),서울특별시 성동구 행당동 245,할인적용최소연령 : 70
KCOCFPO23N000000291,문화시설,전주콩나물해장국,서울특별시,성동구,서울특별시 성동구 고산자로6길 40 (행당동),서울특별시 성동구 행당동 140 행당동 레몬프라자,할인적용최소연령 : 70
KCOCFPO23N000000293,문화시설,일품백송칼국수,서울특별시,성동구,서울특별시 성동구 고산자로12길 1-1 (행당동),서울특별시 성동구 행당동 264,할인적용최소연령 : 70
KCOCFPO23N000000294,문화시설,원할머니보쌈 족발 행당점,서울특별시,성동구,서울특별시 성동구 왕십리로21다길 39 (행당동),서울특별시 성동구 행당동 309-13 예정피아노학원,할인적용최소연령 : 70
KCOCFPO23N000000297,문화시설,블랙앤드 압구정,서울특별시,성동구,서울특별시 성동구 행당로 75 (행당동),서울특별시 성동구 행당동 347 행당동 대림아파트,할인적용최소연령 : 70
KCOCFPO23N000000299,문화시설,황소곱창,서울특별시,성동구,서울특별시 성동구 마조로5길 3 (행당동),서울특별시 성동구 행당동 19-50,할인적용최소연령 : 70
KCOCFPO23N000000300,문화시설,연주식당,서울특별시,성동구,서울특별시 성동구 무학로8길 2 (홍익동),서울특별시 성동구 홍익동 373,할인적용최소연령 : 70
KCOCFPO23N000000301,문화시설,돈떼목장,서울특별시,영등포구,서울특별시 영등포구 영등포로 384-1 (신길동),서울특별시 영등포구 신길동 65-40 삼덕빌딩,할인적용최소연령 : 65
KCOCFPO23N000000302,문화시설,참살이 남원 추어탕,서울특별시,영등포구,서울특별시 영등포구 영등포로72길 3 (신길동),서울특별시 영등포구 신길동 95-66,할인적용최소연령 : 65
KCOCFPO23N000000303,문화시설,씨채널안경원,서울특별시,영등포구,서울특별시 영등포구 도신로64길 1 (신길동),서울특별시 영등포구 신길동 110-46,할인적용최소연령 : 65
KCOCFPO23N000000304,문화시설,정다운오리,서울특별시,영등포구,서울특별시 영등포구 영등포로72길 7 (신길동),서울특별시 영등포구 신길동 95-51,할인적용최소연령 : 65
KCOCFPO23N000000305,문화시설,오시오상회,서울특별시,영등포구,서울특별시 영등포구 도신로60길 7 (신길동),서울특별시 영등포구 신길동 116-15,할인적용최소연령 : 65
KCOCFPO23N000000306,문화시설,한성부동산,서울특별시,영등포구,서울특별시 영등포구 도신로60길 18 (신길동),서울특별시 영등포구 신길동 137-9,할인적용최소연령 : 65
KCOCFPO23N000000307,문화시설,심공인중개사사무소,서울특별시,영등포구,서울특별시 영등포구 영등포로 374-1 (신길동),서울특별시 영등포구 신길동 95-260,할인적용최소연령 : 65
KCOCFPO23N000000308,문화시설,엔돌핀 노래방,서울특별시,영등포구,서울특별시 영등포구 도신로 258 (신길동),서울특별시 영등포구 신길동 100-21,할인적용최소연령 : 65
KCOCFPO23N000000309,문화시설,대신부동산,서울특별시,영등포구,서울특별시 영등포구 도신로56길 16 (신길동),서울특별시 영등포구 신길동 153-18,할인적용최소연령 : 65
KCOCFPO23N000000310,문화시설,삼화페인트공사,서울특별시,영등포구,서울특별시 영등포구 도신로 238 (신길동),서울특별시 영등포구 신길동 110-21,할인적용최소연령 : 65
KCOCFPO23N000000311,문화시설,시골순대,서울특별시,영등포구,서울특별시 영등포구 도신로64길 16-1 (신길동),서울특별시 영등포구 신길동 113-29,할인적용최소연령 : 65
KCOCFPO23N000000312,문화시설,본죽신길 성애병원점,서울특별시,영등포구,서울특별시 영등포구 영등포로84길 12 (신길동),서울특별시 영등포구 신길동 73-12,할인적용최소연령 : 65
KCOCFPO23N000000313,문화시설,필노래연습장,서울특별시,영등포구,서울특별시 영등포구 도신로 94 (신길동),서울특별시 영등포구 신길동 294-8 문덕빌딩,할인적용최소연령 : 65
KCOCFPO23N000000314,문화시설,아이스쿨안경,서울특별시,영등포구,서울특별시 영등포구 도림로 318 (신길동),서울특별시 영등포구 신길동 355-535,할인적용최소연령 : 65
KCOCFPO23N000000315,문화시설,안경나라(신길점),서울특별시,영등포구,서울특별시 영등포구 가마산로 455 (신길동),서울특별시 영등포구 신길동 323,할인적용최소연령 : 65
KCOCFPO23N000000316,문화시설,오케이 이마트안경,서울특별시,영등포구,서울특별시 영등포구 신길로 165 (신길동),서울특별시 영등포구 신길동 233-1,할인적용최소연령 : 65
KCOCFPO23N000000317,문화시설,59익스프레스,서울특별시,영등포구,서울특별시 영등포구 가마산로67길 6-21 (신길동),서울특별시 영등포구 신길동 265-2,할인적용최소연령 : 65
KCOCFPO23N000000318,문화시설,쌈사랑 쌈밥,서울특별시,영등포구,서울특별시 영등포구 신길로39길 8-2 (신길동),서울특별시 영등포구 신길동 256-11,할인적용최소연령 : 65
KCOCFPO23N000000319,문화시설,부자집,서울특별시,영등포구,서울특별시 영등포구 신길로39길 16 (신길동),서울특별시 영등포구 신길동 272-3,할인적용최소연령 : 65
KCOCFPO23N000000320,문화시설,신풍열쇠,서울특별시,영등포구,서울특별시 영등포구 가마산로 443 (신길동),서울특별시 영등포구 신길동 325-80,할인적용최소연령 : 65
KCOCFPO23N000000321,문화시설,강경식당,서울특별시,영등포구,서울특별시 영등포구 가마산로65길 2 (신길동),서울특별시 영등포구 신길동 321-11,할인적용최소연령 : 65
KCOCFPO23N000000322,문화시설,오페라 미용실,서울특별시,영등포구,서울특별시 영등포구 가마산로65길 30 (신길동),서울특별시 영등포구 신길동 298-27,할인적용최소연령 : 65
KCOCFPO23N000000323,문화시설,다 보이는 세상,서울특별시,영등포구,서울특별시 영등포구 도림로 326 (신길동),서울특별시 영등포구 신길동 363-4,할인적용최소연령 : 65
KCOCFPO23N000000704,문화시설,부부중국식품점,서울특별시,영등포구,서울특별시 영등포구 영등포로72길 15 (신길동),서울특별시 영등포구 신길동 95-78,할인적용최소연령 : 65
KCOCFPO23N000000705,문화시설,현진기업,서울특별시,영등포구,서울특별시 영등포구 도신로56길 21-11 (신길동),서울특별시 영등포구 신길동 149-1,할인적용최소연령 : 65
KCOCFPO23N000000706,문화시설,티엠비바베큐,서울특별시,영등포구,서울특별시 영등포구 여의대방로53길 30 (신길동),서울특별시 영등포구 신길동 89-167,할인적용최소연령 : 65
KCOCFPO23N000000707,문화시설,또랑,서울특별시,영등포구,서울특별시 영등포구 영등포로84길 9 (신길동),서울특별시 영등포구 신길동 450-17,할인적용최소연령 : 65
KCOCFPO23N000000708,문화시설,방화골 순대보쌈,서울특별시,영등포구,서울특별시 영등포구 영등포로84길 18 (신길동),서울특별시 영등포구 신길동 466-4,할인적용최소연령 : 65
KCOCFPO23N000000709,문화시설,대부도바지락칼국수,서울특별시,영등포구,서울특별시 영등포구 영등포로86가길 12 (신길동),서울특별시 영등포구 신길동 468-3,할인적용최소연령 : 65
KCOCFPO23N000000710,문화시설,화로마당,서울특별시,영등포구,서울특별시 영등포구 도신로68길 8 (신길동),서울특별시 영등포구 신길동 110-26,할인적용최소연령 : 65
KCOCFPO23N000000711,문화시설,삼성신길종합전시,서울특별시,영등포구,서울특별시 영등포구 도신로62길 15 (신길동),서울특별시 영등포구 신길동 119-21,할인적용최소연령 : 65
KCOCFPO23N000000712,문화시설,임마누엘 미용실,서울특별시,영등포구,서울특별시 영등포구 도신로60길 15-12 (신길동),서울특별시 영등포구 신길동 117-11,할인적용최소연령 : 65
KCOCFPO23N000000713,문화시설,신길축산 육류직매장,서울특별시,영등포구,서울특별시 영등포구 도신로60길 15-14 (신길동),서울특별시 영등포구 신길동 117-1 신도빌딩,할인적용최소연령 : 65
KCOCFPO23N000000714,문화시설,토방골,서울특별시,영등포구,서울특별시 영등포구 도신로64길 5-1 (신길동),서울특별시 영등포구 신길동 110-16,할인적용최소연령 : 65
KCOCFPO23N000000761,문화시설,이완헤어(이용원),서울특별시,영등포구,서울특별시 영등포구 여의대방로53길 35 (신길동),서울특별시 영등포구 신길동 88-3,할인적용최소연령 : 65
KCOCFPO23N000000892,문화시설,대명이용원,서울특별시,광진구,서울특별시 광진구 아차산로 343 (자양동),서울특별시 광진구 자양동 774-14,할인적용최소연령 : 65
KCOCFPO23N000000893,문화시설,한빛 미용실,서울특별시,광진구,서울특별시 광진구 자양로15길 51 (자양동),서울특별시 광진구 자양동 625,할인적용최소연령 : 65
KCOCFPO23N000000894,문화시설,정다믄김밥,서울특별시,광진구,서울특별시 광진구 자양로13길 22 (자양동),서울특별시 광진구 자양동 624-29,할인적용최소연령 : 65
KCOCFPO23N000000895,문화시설,CF세탁소,서울특별시,광진구,서울특별시 광진구 아차산로 327-3 (자양동),서울특별시 광진구 자양동 773-7,할인적용최소연령 : 65
KCOCFPO23N000000896,문화시설,리나헤어,서울특별시,광진구,서울특별시 광진구 자양로 42 (자양동),서울특별시 광진구 자양동 681-40 동남빌딩,할인적용최소연령 : 65
KCOCFPO23N000000897,문화시설,수빈식당,서울특별시,광진구,서울특별시 광진구 자양로5길 22 (자양동),서울특별시 광진구 자양동 679-34,할인적용최소연령 : 65
KCOCFPO23N000000980,문화시설,금돼지,서울특별시,성동구,서울특별시 성동구 성수일로12길 25 (성수동2가),서울특별시 성동구 성수동2가 299-192 건우약국,할인적용최소연령 : 70
KCOCFPO23N000000981,문화시설,조계현칼국수,서울특별시,성동구,서울특별시 성동구 성수일로12길 26 (성수동2가),서울특별시 성동구 성수동2가 289-18 서울숲 코리아IT센터,할인적용최소연령 : 70
KCOCFPO23N000000982,문화시설,한경화설렁탕,서울특별시,성동구,서울특별시 성동구 아차산로13길 48 (성수동2가),서울특별시 성동구 성수동2가 280-22 신원개발,할인적용최소연령 : 70
KCOCFPO23N000000983,문화시설,명가,서울특별시,성동구,서울특별시 성동구 아차산로17길 26 (성수동2가),서울특별시 성동구 성수동2가 279-46 규장각빌딩,할인적용최소연령 : 70
KCOCFPO23N000000984,문화시설,무등산,서울특별시,성동구,서울특별시 성동구 성덕정길 150 (성수동2가),서울특별시 성동구 성수동2가 209-1,할인적용최소연령 : 70
KCOCFPO23N000000985,문화시설,복돼지 두루치기,서울특별시,성동구,서울특별시 성동구 광나루로 303-1 (송정동),서울특별시 성동구 송정동 67-11,할인적용최소연령 : 70
KCOCFPO23N000000986,문화시설,아랫목식당,서울특별시,성동구,서울특별시 성동구 송정14길 14-1 (송정동),서울특별시 성동구 송정동 73-600,할인적용최소연령 : 70
KCOCFPO23N000000988,문화시설,무한장어,서울특별시,성동구,서울특별시 성동구 왕십리로 327 (하왕십리동),서울특별시 성동구 하왕십리동 966-14,할인적용최소연령 : 70
KCOCFPO23N000000989,문화시설,함흥냉면전문점,서울특별시,성동구,서울특별시 성동구 무학봉16길 1 (하왕십리동),서울특별시 성동구 하왕십리동 975-36,할인적용최소연령 : 70
KCOCFPO23N000000990,문화시설,어사랑 밥상,서울특별시,성동구,서울특별시 성동구 왕십리로20길 13 (도선동),서울특별시 성동구 도선동 80,할인적용최소연령 : 70
KCOCFPO23N000000991,문화시설,친구친구,서울특별시,성동구,"서울특별시 성동구 무학로6길 50 (도선동, 성동삼성쉐르빌)",서울특별시 성동구 도선동 69 성동삼성쉐르빌,할인적용최소연령 : 70
KCOCFPO23N000000992,문화시설,자금성,서울특별시,성동구,서울특별시 성동구 마장로 228-24 (홍익동),서울특별시 성동구 홍익동 122-9,할인적용최소연령 : 70
KCOCFPO23N000000993,문화시설,푸른물고기,서울특별시,성동구,서울특별시 성동구 무학로2나길 28 (도선동),서울특별시 성동구 도선동 185-28,할인적용최소연령 : 70
KCOCFPO23N000000994,문화시설,황토밭왕족발,서울특별시,성동구,서울특별시 성동구 왕십리로20길 8 (도선동),서울특별시 성동구 도선동 29 태영빌딩,할인적용최소연령 : 70
KCOCFPO23N000000995,문화시설,대촌정,서울특별시,성동구,서울특별시 성동구 마장로23길 4 (홍익동),서울특별시 성동구 홍익동 112,할인적용최소연령 : 70
KCOCFPO23N000000996,문화시설,도선동똥돼지,서울특별시,성동구,서울특별시 성동구 마장로 202 (홍익동),서울특별시 성동구 홍익동 334,할인적용최소연령 : 70
KCOCFPO23N000000997,문화시설,해물짬뽕,서울특별시,성동구,서울특별시 성동구 왕십리로24길 3 (도선동),서울특별시 성동구 도선동 253-5,할인적용최소연령 : 70
KCOCFPO23N000000998,문화시설,꽃보다족발,서울특별시,성동구,서울특별시 성동구 왕십리로24길 16 (도선동),서울특별시 성동구 도선동 163,할인적용최소연령 : 70
KCOCFPO23N000000999,문화시설,남원골추어탕,서울특별시,성동구,서울특별시 성동구 왕십리로24길 25 (도선동),서울특별시 성동구 도선동 168 에스더블유 그레이,할인적용최소연령 : 70
KCOCFPO23N000001000,문화시설,왕십리정부네 곱창,서울특별시,성동구,서울특별시 성동구 고산자로 287 (홍익동),서울특별시 성동구 홍익동 128-3,할인적용최소연령 : 70
KCOCFPO23N000001001,문화시설,황토밭감자탕,서울특별시,성동구,서울특별시 성동구 무학로2길 50 (도선동),서울특별시 성동구 도선동 40,할인적용최소연령 : 70
KCOCFPO23N000001002,문화시설,맛나곱창,서울특별시,성동구,서울특별시 성동구 고산자로 281-1 (홍익동),서울특별시 성동구 홍익동 130-1,할인적용최소연령 : 70
KCOCFPO23N000001008,문화시설,동해,서울특별시,성동구,서울특별시 성동구 청계천로10가길 76 (마장동),서울특별시 성동구 마장동 465-7 위드유빌딩,할인적용최소연령 : 70
KCOCFPO23N000001009,문화시설,비어오크,서울특별시,성동구,서울특별시 성동구 마장로 296 (마장동),서울특별시 성동구 마장동 791-9 봉호빌딩,할인적용최소연령 : 70
KCOCFPO23N000001010,문화시설,명품부대찌개,서울특별시,성동구,서울특별시 성동구 마장로 308 (마장동),서울특별시 성동구 마장동 782-2,할인적용최소연령 : 70
KCOCFPO23N000001011,문화시설,더진국 한양대점,서울특별시,성동구,서울특별시 성동구 마조로 7 (행당동),서울특별시 성동구 행당동 19-101,할인적용최소연령 : 70
KCOCFPO23N000001012,문화시설,뚝심,서울특별시,성동구,서울특별시 성동구 뚝섬로 338 (성수동1가),서울특별시 성동구 성수동1가 72-130 정인빌딩,할인적용최소연령 : 70
KCOCFPO23N000001013,문화시설,나나활어회,서울특별시,성동구,서울특별시 성동구 왕십리로8길 6 (성수동1가),서울특별시 성동구 성수동1가 656-449 YG FOREST,할인적용최소연령 : 70
KCOCFPO23N000001015,문화시설,이북집찹쌀순대,서울특별시,성동구,서울특별시 성동구 상원2길 5 (성수동1가),서울특별시 성동구 성수동1가 14-57,할인적용최소연령 : 70
KCOCFPO23N000001016,문화시설,정가네,서울특별시,성동구,서울특별시 성동구 왕십리로4길 22-1 (성수동1가),서울특별시 성동구 성수동1가 656-676,할인적용최소연령 : 70
KCOCFPO23N000001019,문화시설,한촌설렁탕성수뚝도점,서울특별시,성동구,서울특별시 성동구 뚝섬로 389 (성수동2가),서울특별시 성동구 성수동2가 339-1 성수동빌딩,할인적용최소연령 : 70
KCOCFPO23N000001020,문화시설,황소미가,서울특별시,성동구,서울특별시 성동구 성덕정17길 4-1 (성수동2가),서울특별시 성동구 성수동2가 566-34,할인적용최소연령 : 70
KCOCFPO23N000001021,문화시설,가야성,서울특별시,성동구,서울특별시 성동구 성덕정17길 5 (성수동2가),서울특별시 성동구 성수동2가 565-18,할인적용최소연령 : 70
KCOCFPO23N000001022,문화시설,돼지가 미소지을때,서울특별시,성동구,서울특별시 성동구 성수이로 82 (성수동2가),서울특별시 성동구 성수동2가 317-9,할인적용최소연령 : 70
KCOCFPO23N000001023,문화시설,서울맛집,서울특별시,성동구,서울특별시 성동구 아차산로13길 16 (성수동2가),서울특별시 성동구 성수동2가 277-101 성수동램킨중흥S클래스오피스텔,할인적용최소연령 : 70
KCOCFPO23N000001024,문화시설,유향소,서울특별시,성동구,서울특별시 성동구 광나루로 248-1 (성수동2가),서울특별시 성동구 성수동2가 289-175,할인적용최소연령 : 70
KCOCFPO23N000001047,문화시설,챠밍헤어센스미용실,서울특별시,성동구,서울특별시 성동구 고산자로8길 16-1 (행당동),서울특별시 성동구 행당동 117-5 충실교회,할인적용최소연령 : 70
KCOCFPO23N000001048,문화시설,태헌뷰티헤어,서울특별시,성동구,서울특별시 성동구 행당로 133 (행당동),서울특별시 성동구 행당동 318-28,할인적용최소연령 : 70
KCOCFPO23N000001120,문화시설,마이헤어 왕십리점,서울특별시,성동구,서울특별시 성동구 왕십리로21길 4 (행당동),서울특별시 성동구 행당동 286-74,할인적용최소연령 : 70
KCOCFPO23N000001121,문화시설,미세즈주,서울특별시,성동구,서울특별시 성동구 독서당로46길 38-1 (금호동4가),서울특별시 성동구 금호동4가 525-2,할인적용최소연령 : 70
KCOCFPO23N000001122,문화시설,박진희헤어필,서울특별시,성동구,서울특별시 성동구 행당로 2 (금호동1가),서울특별시 성동구 금호동1가 506-1,할인적용최소연령 : 70
KCOCFPO23N000001124,문화시설,서울숲참숫가마사우나,서울특별시,성동구,서울특별시 성동구 서울숲길 54 (성수동1가),서울특별시 성동구 성수동1가 685-54 성수 그린빌,할인적용최소연령 : 70
KCOCFPO23N000001130,문화시설,아씨,서울특별시,성동구,서울특별시 성동구 고산자로8길 23-1 (행당동),서울특별시 성동구 행당동 138-41,할인적용최소연령 : 70
KCOCFPO23N000001131,문화시설,앙포레헤어,서울특별시,성동구,서울특별시 성동구 마장로39가길 14 (마장동),서울특별시 성동구 마장동 772-2,할인적용최소연령 : 70
KCOCFPO23N000001132,문화시설,오땡큐,서울특별시,성동구,서울특별시 성동구 동호로2길 27-1 (금호동4가),서울특별시 성동구 금호동4가 1377,할인적용최소연령 : 70
KCOCFPO23N000001134,문화시설,월드사우나,서울특별시,성동구,서울특별시 성동구 독서당로 270 (금호동4가),서울특별시 성동구 금호동4가 800 금호동 대우아파트,할인적용최소연령 : 65
KCOCFPO23N000001136,문화시설,응봉헤어라인,서울특별시,성동구,서울특별시 성동구 독서당로62길 18-14 (응봉동),서울특별시 성동구 응봉동 201-15,할인적용최소연령 : 70
KCOCFPO23N000001137,문화시설,정아,서울특별시,성동구,서울특별시 성동구 청계천로12길 32-2 (마장동),서울특별시 성동구 마장동 479-30 예원피아노학원,할인적용최소연령 : 70
KCOCFPO23N000001138,문화시설,제이에스헤어클릭,서울특별시,성동구,서울특별시 성동구 왕십리로28길 12 (도선동),서울특별시 성동구 도선동 319,할인적용최소연령 : 70
KCOCFPO23N000001140,문화시설,김은경미용실,서울특별시,성동구,서울특별시 성동구 왕십리로31길 8 (하왕십리동),서울특별시 성동구 하왕십리동 890-381,할인적용최소연령 : 70
KCOCFPO23N000001156,문화시설,빛이나는피부,서울특별시,영등포구,"서울특별시 영등포구 양평로24길 9 (양평동5가, 양평동한신아파트)",서울특별시 영등포구 양평동5가 76 양평동한신아파트,할인적용최소연령 : 65
KCOCFPO23N000001157,문화시설,대성공인중개사 사무소,서울특별시,영등포구,서울특별시 영등포구 양평로24길 12 (양평동5가),서울특별시 영등포구 양평동5가 90-2,할인적용최소연령 : 65
KCOCFPO23N000001158,문화시설,승주세탁소,서울특별시,영등포구,서울특별시 영등포구 신길로42가길 31 (신길동),서울특별시 영등포구 신길동 201-45,할인적용최소연령 : 65
KCOCFPO23N000001159,문화시설,샘미용실,서울특별시,영등포구,서울특별시 영등포구 도신로56길 29 (신길동),서울특별시 영등포구 신길동 202-124,할인적용최소연령 : 65
KCOCFPO23N000001160,문화시설,광동성,서울특별시,영등포구,서울특별시 영등포구 여의대방로53길 34 (신길동),서울특별시 영등포구 신길동 73-15 동호빌딩,할인적용최소연령 : 65
KCOCFPO23N000001161,문화시설,그린김밥세상,서울특별시,영등포구,서울특별시 영등포구 여의대방로53길 23 (신길동),서울특별시 영등포구 신길동 452-9,할인적용최소연령 : 65
KCOCFPO23N000001183,문화시설,미유헤어,서울특별시,광진구,서울특별시 광진구 구의강변로3길 19 (구의동),서울특별시 광진구 구의동 593,할인적용최소연령 : 65
KCOCFPO23N000001184,문화시설,P.M.K 박미경헤어,서울특별시,광진구,서울특별시 광진구 구의로 56 (구의동),서울특별시 광진구 구의동 227-19,할인적용최소연령 : 65
KCOCFPO23N000001185,문화시설,두루두루(도토리마을),서울특별시,광진구,서울특별시 광진구 천호대로143길 7 (광장동),서울특별시 광진구 광장동 246-10,할인적용최소연령 : 65
KCOCFPO23N000001186,문화시설,미엘리스헤어,서울특별시,광진구,"서울특별시 광진구 아차산로70길 61 (광장동, 광장현대아파트)",서울특별시 광진구 광장동 554-7 광장현대아파트,할인적용최소연령 : 65
KCOCFPO23N000001187,문화시설,아이존 안경,서울특별시,광진구,서울특별시 광진구 광장로 80 (광장동),서울특별시 광진구 광장동 330-8 의성빌딩,할인적용최소연령 : 65
KCOCFPO23N000001188,문화시설,리버사이드스포츠,서울특별시,광진구,서울특별시 광진구 아차산로78길 44 (광장동),서울특별시 광진구 광장동 114 크레스코빌딩,할인적용최소연령 : 65
KCOCFPO23N000001189,문화시설,전주식당,서울특별시,광진구,서울특별시 광진구 광장로 75-1 (광장동),서울특별시 광진구 광장동 280-3,할인적용최소연령 : 65
KCOCFPO23N000001190,문화시설,광장보쌈,서울특별시,광진구,서울특별시 광진구 광장로3길 2 (광장동),서울특별시 광진구 광장동 259-7,할인적용최소연령 : 65
KCOCFPO23N000001191,문화시설,차혜옥 미용그룹,서울특별시,광진구,서울특별시 광진구 광장로 47 (광장동),서울특별시 광진구 광장동 258-37,할인적용최소연령 : 65
KCOCFPO23N000001192,문화시설,뚜레쥬르까페 워커힐점,서울특별시,광진구,서울특별시 광진구 광장로 89 (광장동),서울특별시 광진구 광장동 334-12,할인적용최소연령 : 65
KCOCFPO23N000001193,문화시설,동화이용원,서울특별시,광진구,서울특별시 광진구 뚝섬로43길 18-1 (자양동),서울특별시 광진구 자양동 614-19,할인적용최소연령 : 65
KCOCFPO23N000001194,문화시설,현대이용원,서울특별시,광진구,서울특별시 광진구 자양로13가길 6 (자양동),서울특별시 광진구 자양동 624-49,할인적용최소연령 : 66
KCOCFPO23N000001195,문화시설,머리천국,서울특별시,광진구,서울특별시 광진구 뚝섬로49길 31 (자양동),서울특별시 광진구 자양동 620-27,할인적용최소연령 : 65
KCOCFPO23N000001196,문화시설,란미용실,서울특별시,광진구,서울특별시 광진구 아차산로42길 35 (자양동),서울특별시 광진구 자양동 230-5,할인적용최소연령 : 65
KCOCFPO23N000001197,문화시설,댕기머리 미용실,서울특별시,광진구,서울특별시 광진구 아차산로41길 40 (자양동),서울특별시 광진구 자양동 225-28,할인적용최소연령 : 65
KCOCFPO23N000001198,문화시설,칠산레져대중사우나,서울특별시,광진구,서울특별시 광진구 자양로 135 (자양동),서울특별시 광진구 자양동 767-4 자양오피스텔,할인적용최소연령 : 65
KCOCFPO23N000001199,문화시설,초원미용실,서울특별시,광진구,서울특별시 광진구 자양로13길 79 (자양동),서울특별시 광진구 자양동 634-10,할인적용최소연령 : 65
KCOCFPO23N000001200,문화시설,이계임헤어모드,서울특별시,광진구,서울특별시 광진구 자양로15길 101 (자양동),서울특별시 광진구 자양동 613,할인적용최소연령 : 65
KCOCFPO23N000001201,문화시설,아리수안경콘택트,서울특별시,광진구,서울특별시 광진구 자양로15길 22 (자양동),서울특별시 광진구 자양동 612-59,할인적용최소연령 : 65
KCOCFPO23N000001202,문화시설,고향이용원,서울특별시,광진구,서울특별시 광진구 자양로7길 42 (자양동),서울특별시 광진구 자양동 655-43,할인적용최소연령 : 65
KCOCFPO23N000001203,문화시설,자목이발관,서울특별시,광진구,서울특별시 광진구 자양로7길 6 (자양동),서울특별시 광진구 자양동 657-29,할인적용최소연령 : 65
KCOCFPO23N000001204,문화시설,김현애미용실,서울특별시,광진구,서울특별시 광진구 자양로11길 55 (자양동),서울특별시 광진구 자양동 632-19,할인적용최소연령 : 65
KCOCFPO23N000001205,문화시설,리앤리안경,서울특별시,광진구,서울특별시 광진구 뚝섬로 635-1 (자양동),서울특별시 광진구 자양동 635-15,할인적용최소연령 : 65
KCOCFPO23N000001206,문화시설,호남식당,서울특별시,광진구,서울특별시 광진구 자양로13길 19 (자양동),서울특별시 광진구 자양동 630-18,할인적용최소연령 : 65
KCOCFPO23N000001207,문화시설,행복을주는미용실,서울특별시,성동구,서울특별시 성동구 무학봉길 56-1 (하왕십리동),서울특별시 성동구 하왕십리동 980-42,할인적용최소연령 : 70
KCOCFPO23N000001209,문화시설,헤어204,서울특별시,성동구,"서울특별시 성동구 사근동길 65 (사근동, 하이츠아파트)",서울특별시 성동구 사근동 199 하이츠아파트,할인적용최소연령 : 70
KCOCFPO23N000001210,문화시설,헤어매니아,서울특별시,성동구,서울특별시 성동구 상원길 60 (성수동1가),서울특별시 성동구 성수동1가 13-443,할인적용최소연령 : 70
KCOCFPO23N000001211,문화시설,헤어박스,서울특별시,성동구,서울특별시 성동구 아차산로 96 (성수동2가),서울특별시 성동구 성수동2가 314-6 신성빌딩,할인적용최소연령 : 70
KCOCFPO23N000001212,문화시설,현미프로헤어,서울특별시,성동구,서울특별시 성동구 무학봉15길 17-1 (하왕십리동),서울특별시 성동구 하왕십리동 989-1,할인적용최소연령 : 70
KCOCFPO23N000001214,문화시설,아이헤어,서울특별시,성동구,서울특별시 성동구 상원길 71 (성수동1가),서울특별시 성동구 성수동1가 656-347,할인적용최소연령 : 70
KCOCFPO23N000001215,문화시설,먹깨비정육식당,서울특별시,성동구,서울특별시 성동구 금호산길 49-1 (금호동2가),서울특별시 성동구 금호동2가 500-17,할인적용최소연령 : 70
KCOCFPO23N000001216,문화시설,중천,서울특별시,성동구,서울특별시 성동구 무수막길 58 (금호동2가),서울특별시 성동구 금호동2가 737,할인적용최소연령 : 70
KCOCFPO23N000001217,문화시설,가보자,서울특별시,성동구,서울특별시 성동구 독서당로 287-9 (금호동4가),서울특별시 성동구 금호동4가 1115 지은장여관,할인적용최소연령 : 70
KCOCFPO23N000001218,문화시설,한우와바다,서울특별시,성동구,서울특별시 성동구 고산자로 349 (마장동),서울특별시 성동구 마장동 474-3 세원빌딩,할인적용최소연령 : 70
KCOCFPO23N000001219,문화시설,구미호,서울특별시,성동구,서울특별시 성동구 고산자로26길 5 (마장동),서울특별시 성동구 마장동 523-2 협우정빌딩,할인적용최소연령 : 70
KCOCFPO23N000001220,문화시설,블랙 압구정,서울특별시,성동구,서울특별시 성동구 마조로 70 (마장동),서울특별시 성동구 마장동 796-3,할인적용최소연령 : 70
KCOCFPO23N000001221,문화시설,고기랑 식당,서울특별시,성동구,서울특별시 성동구 마장로37길 35-1 (마장동),서울특별시 성동구 마장동 763-6,할인적용최소연령 : 70
KCOCFPO23N000001272,문화시설,부동산정보공인중개사,서울특별시,영등포구,서울특별시 영등포구 당산로 51 (문래동3가),서울특별시 영등포구 문래동3가 69-2,할인적용최소연령 : 65
KCOCFPO23N000001273,문화시설,수정부동산,서울특별시,영등포구,서울특별시 영등포구 도림로143길 30 (문래동4가),서울특별시 영등포구 문래동4가 43 문래동삼환아파트,할인적용최소연령 : 65
KCOCFPO23N000001274,문화시설,남성호프,서울특별시,영등포구,서울특별시 영등포구 경인로77길 19 (문래동2가),서울특별시 영등포구 문래동2가 35 남성맨션아파트,할인적용최소연령 : 65
KCOCFPO23N000001275,문화시설,횡성생고기,서울특별시,영등포구,서울특별시 영등포구 양산로 53 (양평동3가),서울특별시 영등포구 양평동3가 15-1 월드메르디앙비즈센터,할인적용최소연령 : 65
KCOCFPO23N000001276,문화시설,엘 안경원,서울특별시,영등포구,서울특별시 영등포구 영등포로 33 (양평동2가),서울특별시 영등포구 양평동2가 29-23 목동비즈타워,할인적용최소연령 : 65
KCOCFPO23N000001277,문화시설,허당국시,서울특별시,영등포구,서울특별시 영등포구 영등포로11길 20 (양평동1가),서울특별시 영등포구 양평동1가 217-5,할인적용최소연령 : 65
KCOCFPO23N000001278,문화시설,카시아미용실,서울특별시,영등포구,서울특별시 영등포구 영등포로5길 39 (양평동2가),서울특별시 영등포구 양평동2가 34-3,할인적용최소연령 : 65
KCOCFPO23N000001279,문화시설,일성향균크리닝,서울특별시,영등포구,"서울특별시 영등포구 선유서로 115 (양평동3가, 삼천리 아파트)",서울특별시 영등포구 양평동3가 24 삼천리 아파트,할인적용최소연령 : 65
KCOCFPO23N000001280,문화시설,해남 진성옥,서울특별시,영등포구,"서울특별시 영등포구 선유로33길 22 (양평동3가, 경남아너스빌)",서울특별시 영등포구 양평동3가 55-1 경남아너스빌,할인적용최소연령 : 65
KCOCFPO23N000001281,문화시설,열린공인중개사,서울특별시,영등포구,서울특별시 영등포구 영등포로 26 (양평동2가),서울특별시 영등포구 양평동2가 8,할인적용최소연령 : 65
KCOCFPO23N000001282,문화시설,양평동 사진관,서울특별시,영등포구,서울특별시 영등포구 선유로33길 4 (양평동3가),서울특별시 영등포구 양평동3가 49-15,할인적용최소연령 : 65
KCOCFPO23N000001283,문화시설,한강기름집,서울특별시,영등포구,서울특별시 영등포구 선유로51길 9 (양평동4가),서울특별시 영등포구 양평동4가 153-37,할인적용최소연령 : 65
KCOCFPO23N000001284,문화시설,향원,서울특별시,영등포구,서울특별시 영등포구 선유로51길 20-2 (양평동4가),서울특별시 영등포구 양평동4가 176,할인적용최소연령 : 65
KCOCFPO23N000001285,문화시설,천웅상사,서울특별시,영등포구,서울특별시 영등포구 선유로51길 29 (양평동4가),서울특별시 영등포구 양평동4가 125-1,할인적용최소연령 : 65
KCOCFPO23N000001286,문화시설,세븐미용실,서울특별시,영등포구,"서울특별시 영등포구 양평로24길 9 (양평동5가, 양평동한신아파트)",서울특별시 영등포구 양평동5가 76 양평동한신아파트,할인적용최소연령 : 65
KCOCFPO23N000001287,문화시설,안경과사람들,서울특별시,영등포구,서울특별시 영등포구 양평로 104-2 (양평동4가),서울특별시 영등포구 양평동4가 149-5,할인적용최소연령 : 65
KCOCFPO23N000001288,문화시설,효주공방,서울특별시,영등포구,"서울특별시 영등포구 선유로43가길 24 (양평동3가, 거성파스텔아파트)",서울특별시 영등포구 양평동3가 90-1 거성파스텔아파트,할인적용최소연령 : 65
KCOCFPO23N000001289,문화시설,에코헤어샵,서울특별시,영등포구,"서울특별시 영등포구 양평로24길 9 (양평동5가, 양평동한신아파트)",서울특별시 영등포구 양평동5가 76 양평동한신아파트,할인적용최소연령 : 65
KCOCFPO23N000001290,문화시설,은솔집,서울특별시,영등포구,서울특별시 영등포구 양평로20길 3 (양평동4가),서울특별시 영등포구 양평동4가 123,할인적용최소연령 : 65
KCOCFPO23N000001291,문화시설,가토헤어(미용그룹가토),서울특별시,영등포구,서울특별시 영등포구 양평로 94 (양평동4가),서울특별시 영등포구 양평동4가 153-30,할인적용최소연령 : 65
KCOCFPO23N000001292,문화시설,양평숯불갈비,서울특별시,영등포구,서울특별시 영등포구 양평로 104 (양평동4가),서울특별시 영등포구 양평동4가 149-1 진성빌딩,할인적용최소연령 : 65
KCOCFPO23N000001293,문화시설,낙원떡집,서울특별시,영등포구,서울특별시 영등포구 양평로20길 6 (양평동4가),서울특별시 영등포구 양평동4가 173-2,할인적용최소연령 : 65
KCOCFPO23N000001294,문화시설,삼천리자전거양평지점,서울특별시,영등포구,서울특별시 영등포구 양평로20길 6 (양평동4가),서울특별시 영등포구 양평동4가 173-2,할인적용최소연령 : 65
KCOCFPO23N000001295,문화시설,아이패밀리안경점(문래점),서울특별시,영등포구,서울특별시 영등포구 문래로 92 (문래동3가),서울특별시 영등포구 문래동3가 77-13 대소빌딩,할인적용최소연령 : 65
KCOCFPO23N000001297,문화시설,안경오픈하우스,서울특별시,영등포구,서울특별시 영등포구 문래로 87 (문래동3가),서울특별시 영등포구 문래동3가 82-19 창대빌딩,할인적용최소연령 : 65
KCOCFPO23N000001298,문화시설,주문진 수산,서울특별시,영등포구,서울특별시 영등포구 당산로 34 (문래동3가),서울특별시 영등포구 문래동3가 55-5 로데오 왘 쇼핑몰,할인적용최소연령 : 65
KCOCFPO23N000001299,문화시설,펀 비어킹,서울특별시,영등포구,서울특별시 영등포구 문래로 98 (문래동3가),서울특별시 영등포구 문래동3가 77-8 한영빌딩,할인적용최소연령 : 65
KCOCFPO23N000001300,문화시설,장군 주먹고기,서울특별시,영등포구,서울특별시 영등포구 당산로 53 (문래동3가),서울특별시 영등포구 문래동3가 70,할인적용최소연령 : 65
KCOCFPO23N000001301,문화시설,리안헤어 문래점,서울특별시,영등포구,서울특별시 영등포구 문래로 92 (문래동3가),서울특별시 영등포구 문래동3가 77-13 대소빌딩,할인적용최소연령 : 65
KCOCFPO23N000001303,문화시설,김은숙헤어뷰티크,서울특별시,영등포구,서울특별시 영등포구 선유로 40 (문래동3가),서울특별시 영등포구 문래동3가 77-59 중원빌딩,할인적용최소연령 : 65
KCOCFPO23N000001304,문화시설,태양정육식당,서울특별시,영등포구,서울특별시 영등포구 문래로 92-3 (문래동3가),서울특별시 영등포구 문래동3가 77-64,할인적용최소연령 : 65
KCOCFPO23N000001305,문화시설,안경세상하나비,서울특별시,영등포구,서울특별시 영등포구 문래로 77 (문래동3가),서울특별시 영등포구 문래동3가 83-3 문래동대동오피스텔,할인적용최소연령 : 65
KCOCFPO23N000001306,문화시설,리오뷰티헤어,서울특별시,영등포구,서울특별시 영등포구 당산로 34 (문래동3가),서울특별시 영등포구 문래동3가 55-5 로데오 왘 쇼핑몰,할인적용최소연령 : 65
KCOCFPO23N000001307,문화시설,삼성부동산,서울특별시,영등포구,서울특별시 영등포구 문래로 98 (문래동3가),서울특별시 영등포구 문래동3가 77-8 한영빌딩,할인적용최소연령 : 65
KCOCFPO23N000001308,문화시설,문래자이 공인중개사,서울특별시,영등포구,서울특별시 영등포구 당산로 26 (문래동3가),서울특별시 영등포구 문래동3가 54 문래자이,할인적용최소연령 : 65
KCOCFPO23N000001311,문화시설,골목집,서울특별시,영등포구,서울특별시 영등포구 도림로139가길 11-1 (문래동2가),서울특별시 영등포구 문래동2가 42-6,할인적용최소연령 : 65
KCOCFPO23N000001312,문화시설,헤어보그,서울특별시,영등포구,"서울특별시 영등포구 도림로 456 (문래동3가, 문래우정아파트)",서울특별시 영등포구 문래동3가 78 문래우정아파트,할인적용최소연령 : 65
KCOCFPO23N000001313,문화시설,김민주공인중개소,서울특별시,영등포구,"서울특별시 영등포구 도림로 456 (문래동3가, 문래우정아파트)",서울특별시 영등포구 문래동3가 78 문래우정아파트,할인적용최소연령 : 65
KCOCFPO23N000001314,문화시설,신수민 스킨케어,서울특별시,영등포구,서울특별시 영등포구 당산로 26 (문래동3가),서울특별시 영등포구 문래동3가 54 문래자이,할인적용최소연령 : 65
KCOCFPO23N000001316,문화시설,우경힐공인중개사,서울특별시,영등포구,"서울특별시 영등포구 문래로 84 (문래동3가, 문래힐스테이트)",서울특별시 영등포구 문래동3가 94 문래힐스테이트,할인적용최소연령 : 65
KCOCFPO23N000001317,문화시설,리츠카페,서울특별시,광진구,서울특별시 광진구 구의로4길 16 (구의동),서울특별시 광진구 구의동 220-58,할인적용최소연령 : 65
KCOCFPO23N000001318,문화시설,도시바다,서울특별시,광진구,"서울특별시 광진구 아차산로 451 (구의동, 세림리오빌아파트)",서울특별시 광진구 구의동 659 세림리오빌아파트,할인적용최소연령 : 65
KCOCFPO23N000001319,문화시설,윤헤어모드,서울특별시,광진구,서울특별시 광진구 구의로4길 16 (구의동),서울특별시 광진구 구의동 220-58,할인적용최소연령 : 65
KCOCFPO23N000001321,문화시설,노가리,서울특별시,광진구,서울특별시 광진구 구의강변로 86 (구의동),서울특별시 광진구 구의동 214-6,할인적용최소연령 : 65
KCOCFPO23N000001322,문화시설,봉산집강변점,서울특별시,광진구,서울특별시 광진구 구의강변로 87-4 (구의동),서울특별시 광진구 구의동 217-6,할인적용최소연령 : 65
KCOCFPO23N000001342,문화시설,선사진실,서울특별시,광진구,서울특별시 광진구 자양로 151 (구의동),서울특별시 광진구 구의동 254-108,할인적용최소연령 : 65
KCOCFPO23N000001343,문화시설,태잠컴퓨터크리닝,서울특별시,광진구,서울특별시 광진구 자양로18길 67 (구의동),서울특별시 광진구 구의동 242-80,할인적용최소연령 : 65
KCOCFPO23N000001344,문화시설,점보세탁소,서울특별시,광진구,서울특별시 광진구 자양로18길 42 (구의동),서울특별시 광진구 구의동 246-2,할인적용최소연령 : 65
KCOCFPO23N000001345,문화시설,남양이발관,서울특별시,광진구,서울특별시 광진구 자양로22길 12 (구의동),서울특별시 광진구 구의동 252-49,할인적용최소연령 : 65
KCOCFPO23N000001346,문화시설,티아모,서울특별시,광진구,서울특별시 광진구 아차산로 415 (구의동),서울특별시 광진구 구의동 243-19,할인적용최소연령 : 65
KCOCFPO23N000001347,문화시설,씨앤아이안경마트,서울특별시,광진구,서울특별시 광진구 아차산로 379 (구의동),서울특별시 광진구 구의동 246-104 송산빌딩,할인적용최소연령 : 65
KCOCFPO23N000001348,문화시설,콴차이,서울특별시,광진구,서울특별시 광진구 자양로18길 17 (구의동),서울특별시 광진구 구의동 252-116,할인적용최소연령 : 65
KCOCFPO23N000001349,문화시설,코아포토,서울특별시,광진구,서울특별시 광진구 자양로 231 (구의동),서울특별시 광진구 구의동 80-8,할인적용최소연령 : 65
KCOCFPO23N000001350,문화시설,닥토,서울특별시,광진구,"서울특별시 광진구 자양로 319 (구의동, 한가온 빌)",서울특별시 광진구 구의동 27-15 한가온 빌,할인적용최소연령 : 65
KCOCFPO23N000001351,문화시설,헵시바(HEPBSIBAH),서울특별시,광진구,서울특별시 광진구 천호대로136길 60 (구의동),서울특별시 광진구 구의동 64-13,할인적용최소연령 : 65
KCOCFPO23N000001352,문화시설,모리참치,서울특별시,광진구,서울특별시 광진구 천호대로 681 (구의동),서울특별시 광진구 구의동 54-20,할인적용최소연령 : 65
KCOCFPO23N000001353,문화시설,망향비빔국수,서울특별시,광진구,서울특별시 광진구 천호대로 694 (구의동),서울특별시 광진구 구의동 73-5 한국기술사회관,할인적용최소연령 : 65
KCOCFPO23N000001354,문화시설,새서울미용실,서울특별시,광진구,서울특별시 광진구 광나루로37길 21 (구의동),서울특별시 광진구 구의동 65-10,할인적용최소연령 : 65
KCOCFPO23N000001355,문화시설,전주식당,서울특별시,광진구,서울특별시 광진구 광나루로37길 7 (구의동),서울특별시 광진구 구의동 67-6,할인적용최소연령 : 65
KCOCFPO23N000001356,문화시설,고향밥상,서울특별시,광진구,서울특별시 광진구 자양로 315 (구의동),서울특별시 광진구 구의동 28-32 나경주택,할인적용최소연령 : 65
KCOCFPO23N000001357,문화시설,동네이발관,서울특별시,광진구,"서울특별시 광진구 영화사로 68-1 (구의동, 대성빌라트)",서울특별시 광진구 구의동 27-1 대성빌라트,할인적용최소연령 : 65
KCOCFPO23N000001358,문화시설,열린밥상,서울특별시,광진구,서울특별시 광진구 자양로 247 (구의동),서울특별시 광진구 구의동 79-8 고광빌딩,할인적용최소연령 : 65
KCOCFPO23N000001359,문화시설,김민수사진실,서울특별시,광진구,"서울특별시 광진구 영화사로 68-1 (구의동, 대성빌라트)",서울특별시 광진구 구의동 27-1 대성빌라트,할인적용최소연령 : 65
KCOCFPO23N000001360,문화시설,디보쉬 헤어,서울특별시,광진구,"서울특별시 광진구 구의강변로 102 (구의동, 현대13차폴라트리움)",서울특별시 광진구 구의동 199-23 현대13차폴라트리움,할인적용최소연령 : 65
KCOCFPO23N000001362,문화시설,발리노래방,서울특별시,광진구,서울특별시 광진구 뚝섬로 743 (구의동),서울특별시 광진구 구의동 593-18,할인적용최소연령 : 65
KCOCFPO23N000001363,문화시설,예성포토,서울특별시,광진구,서울특별시 광진구 강변역로 50 (구의동),서울특별시 광진구 구의동 546-1 동서울종합터미널,할인적용최소연령 : 65
KCOCFPO23N000001364,문화시설,쁘띠헤어,서울특별시,광진구,서울특별시 광진구 구의로 34 (구의동),서울특별시 광진구 구의동 223-54,할인적용최소연령 : 65
KCOCFPO23N000001373,문화시설,럭셔리포토,서울특별시,영등포구,서울특별시 영등포구 영신로57길 1 (당산동4가),서울특별시 영등포구 당산동4가 29 한강아파트,할인적용최소연령 : 65
KCOCFPO23N000001374,문화시설,미래공인중개사,서울특별시,영등포구,서울특별시 영등포구 당산로36길 7-2 (당산동4가),서울특별시 영등포구 당산동4가 32-144,할인적용최소연령 : 65
KCOCFPO23N000001375,문화시설,대한부동산,서울특별시,영등포구,서울특별시 영등포구 당산로 163 (당산동4가),서울특별시 영등포구 당산동4가 40 보라빌딩,할인적용최소연령 : 65
KCOCFPO23N000001376,문화시설,큰맘 할매순대국,서울특별시,영등포구,서울특별시 영등포구 당산로41길 11 (당산동4가),서울특별시 영등포구 당산동4가 80 당산 SK V1 center,할인적용최소연령 : 65
KCOCFPO23N000001377,문화시설,성풍숯불갈비,서울특별시,영등포구,서울특별시 영등포구 당산로48길 10-1 (당산동6가),서울특별시 영등포구 당산동6가 279,할인적용최소연령 : 65
KCOCFPO23N000001378,문화시설,당산화원,서울특별시,영등포구,서울특별시 영등포구 양평로28가길 48 (양평동6가),서울특별시 영등포구 양평동6가 88-1,할인적용최소연령 : 65
KCOCFPO23N000001380,문화시설,김머리방,서울특별시,영등포구,서울특별시 영등포구 도림로113길 8 (도림동),서울특별시 영등포구 도림동 182-3,할인적용최소연령 : 65
KCOCFPO23N000001381,문화시설,두리랑,서울특별시,영등포구,서울특별시 영등포구 도림로112길 1 (도림동),서울특별시 영등포구 도림동 144-124,할인적용최소연령 : 65
KCOCFPO23N000001382,문화시설,베스트안경원,서울특별시,영등포구,서울특별시 영등포구 도림로113길 28 (도림동),서울특별시 영등포구 도림동 184-15,할인적용최소연령 : 65
KCOCFPO23N000001383,문화시설,신의주 찹쌀순대,서울특별시,영등포구,서울특별시 영등포구 도림로108길 10-1 (도림동),서울특별시 영등포구 도림동 147-41,할인적용최소연령 : 65
KCOCFPO23N000001384,문화시설,정 미용실,서울특별시,영등포구,서울특별시 영등포구 도림로108나길 12 (도림동),서울특별시 영등포구 도림동 141-120,할인적용최소연령 : 65
KCOCFPO23N000001385,문화시설,만수숯불갈비(만수식당),서울특별시,영등포구,서울특별시 영등포구 도신로 139-7 (도림동),서울특별시 영등포구 도림동 81-3,할인적용최소연령 : 65
KCOCFPO23N000001386,문화시설,존스커피,서울특별시,영등포구,서울특별시 영등포구 도림로112길 1 (도림동),서울특별시 영등포구 도림동 144-124,할인적용최소연령 : 65
KCOCFPO23N000001387,문화시설,소소한날,서울특별시,영등포구,서울특별시 영등포구 도림로 462 (문래동3가),서울특별시 영등포구 문래동3가 76-1 국화아파트,할인적용최소연령 : 65
KCOCFPO23N000001407,문화시설,춘천닭갈비,서울특별시,광진구,서울특별시 광진구 면목로 105 (중곡동),서울특별시 광진구 중곡동 245-1,할인적용최소연령 : 65
KCOCFPO23N000001408,문화시설,뽀빠이 기사식당,서울특별시,광진구,서울특별시 광진구 긴고랑로 17-1 (중곡동),서울특별시 광진구 중곡동 239-82,할인적용최소연령 : 65
KCOCFPO23N000001409,문화시설,군자생고기,서울특별시,광진구,"서울특별시 광진구 천호대로107길 8 (중곡동, 능동빌딩)",서울특별시 광진구 중곡동 649-1 능동빌딩,할인적용최소연령 : 65
KCOCFPO23N000001410,문화시설,아선화킴미용실,서울특별시,광진구,서울특별시 광진구 긴고랑로7길 41 (중곡동),서울특별시 광진구 중곡동 232-2,할인적용최소연령 : 65
KCOCFPO23N000001465,문화시설,신풍곱창,서울특별시,영등포구,서울특별시 영등포구 신풍로 40-1 (신길동),서울특별시 영등포구 신길동 2826,할인적용최소연령 : 65
KCOCFPO23N000001466,문화시설,천년약속,서울특별시,영등포구,서울특별시 영등포구 여의대방로19길 4-1 (신길동),서울특별시 영등포구 신길동 4346-3,할인적용최소연령 : 65
KCOCFPO23N000001467,문화시설,현대공인 중개사무소,서울특별시,영등포구,"서울특별시 영등포구 신길로 108 (신길동, 남서울아파트)",서울특별시 영등포구 신길동 3573 남서울아파트,할인적용최소연령 : 65
KCOCFPO23N000001468,문화시설,일구칠구 동태 매운탕,서울특별시,영등포구,"서울특별시 영등포구 신길로 108 (신길동, 남서울아파트)",서울특별시 영등포구 신길동 3573 남서울아파트,할인적용최소연령 : 65
KCOCFPO23N000001469,문화시설,모닝플러스,서울특별시,영등포구,서울특별시 영등포구 여의대방로 65 (신길동),"서울특별시 영등포구 신길동 4491 한국천주교살레시오회,돈보스코청소년센터",할인적용최소연령 : 65
KCOCFPO23N000001470,문화시설,연필과종이,서울특별시,영등포구,"서울특별시 영등포구 신풍로 77 (신길동, 래미안에스티움)",서울특별시 영등포구 신길동 4950 래미안에스티움,할인적용최소연령 : 65
KCOCFPO23N000001471,문화시설,모다기감자탕,서울특별시,영등포구,"서울특별시 영등포구 가마산로 575 (신길동, 한성아파트)",서울특별시 영등포구 신길동 769-1 한성아파트,할인적용최소연령 : 65
KCOCFPO23N000001472,문화시설,원조아줌마식당,서울특별시,영등포구,서울특별시 영등포구 가마산로 580-1 (신길동),서울특별시 영등포구 신길동 735,할인적용최소연령 : 65
KCOCFPO23N000001473,문화시설,란생고기,서울특별시,영등포구,서울특별시 영등포구 여의대방로53가길 12 (신길동),서울특별시 영등포구 신길동 1228,할인적용최소연령 : 65
KCOCFPO23N000001474,문화시설,서울자동차공업사,서울특별시,영등포구,서울특별시 영등포구 신풍로25길 6 (신길동),서울특별시 영등포구 신길동 625-3,할인적용최소연령 : 65
KCOCFPO23N000001475,문화시설,산동성,서울특별시,영등포구,서울특별시 영등포구 가마산로89길 4-1 (신길동),서울특별시 영등포구 신길동 846,할인적용최소연령 : 65
KCOCFPO23N000001476,문화시설,뱅크삼환아파트점 공인중개사무소,서울특별시,영등포구,"서울특별시 영등포구 여의대방로43라길 9 (신길동, 삼환아파트)",서울특별시 영등포구 신길동 897-1 삼환아파트,할인적용최소연령 : 65
KCOCFPO23N000001477,문화시설,Dwellers 카페(드웰러스 카페),서울특별시,영등포구,서울특별시 영등포구 여의대방로47가길 24 (신길동),서울특별시 영등포구 신길동 1033,할인적용최소연령 : 65
KCOCFPO23N000001478,문화시설,문경밥상,서울특별시,영등포구,서울특별시 영등포구 여의대방로47라길 31 (신길동),서울특별시 영등포구 신길동 1047,할인적용최소연령 : 65
KCOCFPO23N000001487,문화시설,자매네,서울특별시,영등포구,서울특별시 영등포구 국회대로30길 12 (당산동3가),서울특별시 영등포구 당산동3가 395-2,할인적용최소연령 : 65
KCOCFPO23N000001489,문화시설,수라,서울특별시,영등포구,서울특별시 영등포구 당산로 124 (당산동3가),서울특별시 영등포구 당산동3가 245,할인적용최소연령 : 65
KCOCFPO23N000001490,문화시설,하나부동산중개㈜,서울특별시,영등포구,서울특별시 영등포구 당산로 134 (당산동3가),서울특별시 영등포구 당산동3가 216,할인적용최소연령 : 65
KCOCFPO23N000001491,문화시설,코니사진관,서울특별시,영등포구,서울특별시 영등포구 당산로 126 (당산동3가),서울특별시 영등포구 당산동3가 243,할인적용최소연령 : 65
KCOCFPO23N000001492,문화시설,하남돼지집,서울특별시,영등포구,서울특별시 영등포구 당산로47길 8 (당산동6가),서울특별시 영등포구 당산동6가 314 당일빌딩,할인적용최소연령 : 65
KCOCFPO23N000001493,문화시설,대박굼터,서울특별시,영등포구,서울특별시 영등포구 당산로47길 11 (당산동6가),서울특별시 영등포구 당산동6가 333-2,할인적용최소연령 : 65
KCOCFPO23N000001494,문화시설,한잔먹세,서울특별시,영등포구,서울특별시 영등포구 당산로47길 10 (당산동6가),서울특별시 영등포구 당산동6가 313-4 두기빌딩,할인적용최소연령 : 65
KCOCFPO23N000001495,문화시설,기찻길 연탄불 생고기,서울특별시,영등포구,서울특별시 영등포구 당산로 247 (당산동6가),서울특별시 영등포구 당산동6가 320,할인적용최소연령 : 65
KCOCFPO23N000001496,문화시설,육갑식당,서울특별시,영등포구,서울특별시 영등포구 당산로47길 15 (당산동6가),서울특별시 영등포구 당산동6가 326-3 대양빌딩,할인적용최소연령 : 65
KCOCFPO23N000001497,문화시설,본가감자탕,서울특별시,영등포구,서울특별시 영등포구 당산로49길 7 (당산동6가),서울특별시 영등포구 당산동6가 334-1,할인적용최소연령 : 65
KCOCFPO23N000001499,문화시설,낭풍,서울특별시,영등포구,서울특별시 영등포구 당산로47길 9 (당산동6가),서울특별시 영등포구 당산동6가 333-4 청송빌딩,할인적용최소연령 : 65
KCOCFPO23N000001500,문화시설,부촌식당,서울특별시,영등포구,서울특별시 영등포구 당산로47길 4 (당산동6가),서울특별시 영등포구 당산동6가 316-2,할인적용최소연령 : 65
KCOCFPO23N000001501,문화시설,명성 중화요리,서울특별시,영등포구,서울특별시 영등포구 당산로36길 7-2 (당산동4가),서울특별시 영등포구 당산동4가 32-144,할인적용최소연령 : 65
KCOCFPO23N000001502,문화시설,옛집,서울특별시,영등포구,서울특별시 영등포구 대방천로 190 (신길동),서울특별시 영등포구 신길동 4530,할인적용최소연령 : 65
KCOCFPO23N000001503,문화시설,혜민헤어스튜디오,서울특별시,영등포구,서울특별시 영등포구 대방천로 196 (신길동),서울특별시 영등포구 신길동 4524,할인적용최소연령 : 65
KCOCFPO23N000001504,문화시설,기분좋은날 미용실,서울특별시,영등포구,서울특별시 영등포구 대방천로 183-1 (신길동),서울특별시 영등포구 신길동 3789,할인적용최소연령 : 65
KCOCFPO23N000001505,문화시설,진은이발,서울특별시,영등포구,서울특별시 영등포구 대방천로 225 (신길동),서울특별시 영등포구 신길동 4079 성원빌딩,할인적용최소연령 : 65
KCOCFPO23N000001506,문화시설,샤브앤,서울특별시,영등포구,서울특별시 영등포구 여의대방로7길 13 (신길동),서울특별시 영등포구 신길동 4511,할인적용최소연령 : 65
KCOCFPO23N000001507,문화시설,청담생고기,서울특별시,영등포구,서울특별시 영등포구 신풍로 33 (신길동),서울특별시 영등포구 신길동 3575 신영빌딩,할인적용최소연령 : 65
KCOCFPO23N000001508,문화시설,한방오리사랑,서울특별시,영등포구,서울특별시 영등포구 신풍로 54 (신길동),서울특별시 영등포구 신길동 3848,할인적용최소연령 : 65
KCOCFPO23N000001509,문화시설,비전안경콘택트,서울특별시,영등포구,"서울특별시 영등포구 여의대방로5길 6 (신길동, 우창아파트)",서울특별시 영등포구 신길동 4501 우창아파트,할인적용최소연령 : 65
KCOCFPO23N000001510,문화시설,그랑프리안경콘택트,서울특별시,영등포구,서울특별시 영등포구 신풍로 33 (신길동),서울특별시 영등포구 신길동 3575 신영빌딩,할인적용최소연령 : 65
KCOCFPO23N000001511,문화시설,1001안경원,서울특별시,영등포구,서울특별시 영등포구 대방천로 258 (신길동),서울특별시 영등포구 신길동 4217 보라매 골프존,할인적용최소연령 : 65
KCOCFPO23N000001512,문화시설,불새노래방,서울특별시,영등포구,서울특별시 영등포구 신풍로10길 2-16 (신길동),서울특별시 영등포구 신길동 3711,할인적용최소연령 : 65
KCOCFPO23N000001513,문화시설,대지노래방,서울특별시,영등포구,"서울특별시 영등포구 신길로 108 (신길동, 남서울아파트)",서울특별시 영등포구 신길동 3573 남서울아파트,할인적용최소연령 : 65
KCOCFPO23N000001514,문화시설,아마존 꽃 식물원,서울특별시,영등포구,"서울특별시 영등포구 신길로 108 (신길동, 남서울아파트)",서울특별시 영등포구 신길동 3573 남서울아파트,할인적용최소연령 : 65
KCOCFPO23N000001515,문화시설,순흥골,서울특별시,영등포구,서울특별시 영등포구 대방천로 175 (신길동),서울특별시 영등포구 신길동 3741-53,할인적용최소연령 : 65
KCOCFPO23N000001516,문화시설,새벽촌 감자탕,서울특별시,영등포구,서울특별시 영등포구 신풍로24길 10 (신길동),서울특별시 영등포구 신길동 485,할인적용최소연령 : 65
KCOCFPO23N000001517,문화시설,우리공인중개사,서울특별시,영등포구,서울특별시 영등포구 대방천로 196 (신길동),서울특별시 영등포구 신길동 4524,할인적용최소연령 : 65
KCOCFPO23N000001518,문화시설,서울공인중개사무소,서울특별시,영등포구,서울특별시 영등포구 대방천로 172 (신길동),서울특별시 영등포구 신길동 4656 우성3차아파트 상가동,할인적용최소연령 : 65
KCOCFPO23N000001519,문화시설,사랑방뉴타운공인중개사,서울특별시,영등포구,서울특별시 영등포구 신풍로 109 (신길동),서울특별시 영등포구 신길동 509-3,할인적용최소연령 : 65
KCOCFPO23N000001520,문화시설,미소지음부동산,서울특별시,영등포구,"서울특별시 영등포구 여의대방로29길 10 (신길동, 보라매 길성 그랑프리텔)",서울특별시 영등포구 신길동 496 보라매 길성 그랑프리텔,할인적용최소연령 : 65
KCOCFPO23N000001521,문화시설,신풍플라워,서울특별시,영등포구,서울특별시 영등포구 신풍로 50 (신길동),서울특별시 영등포구 신길동 3847,할인적용최소연령 : 65
KCOCFPO23N000001522,문화시설,바른안과,서울특별시,영등포구,서울특별시 영등포구 여의대방로 145 (신길동),서울특별시 영등포구 신길동 505 세인트빌딩,할인적용최소연령 : 65
KCOCFPO23N000001523,문화시설,고인돌생삼겹살구이,서울특별시,영등포구,서울특별시 영등포구 신풍로8길 2-4 (신길동),서울특별시 영등포구 신길동 2830,할인적용최소연령 : 65
KCOCFPO23N000001565,문화시설,금풍떡방,서울특별시,영등포구,서울특별시 영등포구 영등포로25길 17 (당산동1가),서울특별시 영등포구 당산동1가 400-1,할인적용최소연령 : 65
KCOCFPO23N000001566,문화시설,연경궁,서울특별시,영등포구,서울특별시 영등포구 국회대로30길 14 (당산동3가),서울특별시 영등포구 당산동3가 395-3,할인적용최소연령 : 65
KCOCFPO23N000001568,문화시설,신진장식,서울특별시,영등포구,서울특별시 영등포구 영등포로25길 16 (당산동1가),서울특별시 영등포구 당산동1가 256-196,할인적용최소연령 : 65
KCOCFPO23N000001569,문화시설,글라스박스안경원,서울특별시,영등포구,서울특별시 영등포구 당산로 139 (당산동3가),서울특별시 영등포구 당산동3가 387-1 장한빌딩,할인적용최소연령 : 65
KCOCFPO23N000001570,문화시설,차호로록,서울특별시,영등포구,서울특별시 영등포구 국회대로36길 3 (당산동3가),서울특별시 영등포구 당산동3가 99 삼석빌딩,할인적용최소연령 : 65
KCOCFPO23N000001571,문화시설,에덴모자,서울특별시,영등포구,서울특별시 영등포구 영중로14길 11 (영등포동5가),서울특별시 영등포구 영등포동5가 16-22,할인적용최소연령 : 65
KCOCFPO23N000001572,문화시설,현대스프링,서울특별시,영등포구,서울특별시 영등포구 영등포로49길 8 (영등포동2가),서울특별시 영등포구 영등포동2가 192-2,할인적용최소연령 : 65
KCOCFPO23N000001573,문화시설,칠성집,서울특별시,영등포구,서울특별시 영등포구 영등포로43길 3-2 (영등포동5가),서울특별시 영등포구 영등포동5가 6-6,할인적용최소연령 : 65
KCOCFPO23N000001574,문화시설,큰옷상회,서울특별시,영등포구,서울특별시 영등포구 영중로14길 11 (영등포동5가),서울특별시 영등포구 영등포동5가 16-22,할인적용최소연령 : 65
KCOCFPO23N000001575,문화시설,서밀준 밀밭,서울특별시,영등포구,서울특별시 영등포구 영신로40길 22-1 (영등포동6가),서울특별시 영등포구 영등포동6가 66-7,할인적용최소연령 : 65
KCOCFPO23N000001576,문화시설,영인원예,서울특별시,영등포구,서울특별시 영등포구 영등포로 225 (영등포동5가),서울특별시 영등포구 영등포동5가 18-1,할인적용최소연령 : 65
KCOCFPO23N000001577,문화시설,경북기름집,서울특별시,영등포구,서울특별시 영등포구 영중로20길 23-6 (영등포동5가),서울특별시 영등포구 영등포동5가 33-99,할인적용최소연령 : 65
KCOCFPO23N000001578,문화시설,동남안경,서울특별시,영등포구,"서울특별시 영등포구 영등포로37길 4 (영등포동5가, 동남상가아파트)",서울특별시 영등포구 영등포동5가 24 동남상가아파트,할인적용최소연령 : 65
KCOCFPO23N000001580,문화시설,황소곱창,서울특별시,영등포구,서울특별시 영등포구 여의대방로65길 12 (여의도동),서울특별시 영등포구 여의도동 44-32 에리트빌딩,할인적용최소연령 : 70
KCOCFPO23N000001582,문화시설,김수진 미용실,서울특별시,영등포구,서울특별시 영등포구 여의대방로 394 (여의도동),서울특별시 영등포구 여의도동 53 우정빌딩,할인적용최소연령 : 65
KCOCFPO23N000001583,문화시설,유성식당(따로국밥),서울특별시,영등포구,서울특별시 영등포구 여의대방로69길 28 (여의도동),서울특별시 영등포구 여의도동 43-1 유성빌딩,할인적용최소연령 : 65
KCOCFPO23N000001585,문화시설,이룸미니부페,서울특별시,영등포구,서울특별시 영등포구 의사당대로 22 (여의도동),서울특별시 영등포구 여의도동 17-13 이룸센터,할인적용최소연령 : 65
KCOCFPO23N000001587,문화시설,아이티 안경원,서울특별시,영등포구,"서울특별시 영등포구 의사당대로 127 (여의도동, 롯데캐슬엠파이어)",서울특별시 영등포구 여의도동 36 롯데캐슬엠파이어,할인적용최소연령 : 65
KCOCFPO23N000001588,문화시설,트럼프공인중개사무소,서울특별시,영등포구,"서울특별시 영등포구 여의동로 143 (여의도동, 대우트럼프월드)",서울특별시 영등포구 여의도동 55-1 대우트럼프월드,할인적용최소연령 : 65
KCOCFPO23N000001589,문화시설,쑥떡쑥떡,서울특별시,영등포구,서울특별시 영등포구 당산로28길 7 (당산동3가),서울특별시 영등포구 당산동3가 279,할인적용최소연령 : 65
KCOCFPO23N000001590,문화시설,영도사,서울특별시,영등포구,서울특별시 영등포구 당산로 122 (당산동3가),서울특별시 영등포구 당산동3가 270 우미빌딩,할인적용최소연령 : 65
KCOCFPO23N000001591,문화시설,프린스안경,서울특별시,영등포구,서울특별시 영등포구 당산로 124 (당산동3가),서울특별시 영등포구 당산동3가 245,할인적용최소연령 : 65
KCOCFPO23N000001592,문화시설,벤스,서울특별시,영등포구,서울특별시 영등포구 양산로23길 17 (당산동3가),서울특별시 영등포구 당산동3가 257-12,할인적용최소연령 : 65
KCOCFPO23N000001593,문화시설,유성용베이커리,서울특별시,영등포구,서울특별시 영등포구 당산로 132 (당산동3가),서울특별시 영등포구 당산동3가 228-23,할인적용최소연령 : 65
KCOCFPO23N000001643,문화시설,잔치집,서울특별시,영등포구,서울특별시 영등포구 영등포로43길 3 (영등포동5가),서울특별시 영등포구 영등포동5가 6-13,할인적용최소연령 : 65
KCOCFPO23N000001644,문화시설,삼성당,서울특별시,영등포구,서울특별시 영등포구 영등포로 219 (영등포동5가),서울특별시 영등포구 영등포동5가 20-62,할인적용최소연령 : 65
KCOCFPO23N000001645,문화시설,루시N헤어,서울특별시,영등포구,서울특별시 영등포구 영중로29길 4 (영등포동7가),서울특별시 영등포구 영등포동7가 67-3,할인적용최소연령 : 65
KCOCFPO23N000001646,문화시설,북만장,서울특별시,영등포구,서울특별시 영등포구 영중로 95 (영등포동7가),서울특별시 영등포구 영등포동7가 70-6 선일빌딩,할인적용최소연령 : 65
KCOCFPO23N000001647,문화시설,한강성심병원 장례식장,서울특별시,영등포구,서울특별시 영등포구 버드나루로7길 12 (영등포동7가),서울특별시 영등포구 영등포동7가 94-200 한강성심병원,할인적용최소연령 : 65
KCOCFPO23N000001648,문화시설,황금닭집,서울특별시,영등포구,서울특별시 영등포구 영중로24길 24-2 (영등포동5가),서울특별시 영등포구 영등포동5가 166-1,할인적용최소연령 : 65
KCOCFPO23N000001649,문화시설,소은이네 고추상회,서울특별시,영등포구,서울특별시 영등포구 영중로20길 20 (영등포동5가),서울특별시 영등포구 영등포동5가 33-57,할인적용최소연령 : 65
KCOCFPO23N000001650,문화시설,신일푸드,서울특별시,영등포구,서울특별시 영등포구 영신로 12 (영등포동),서울특별시 영등포구 영등포동 602-79 국제빌딩,할인적용최소연령 : 65
KCOCFPO23N000001651,문화시설,덕성 기업사,서울특별시,영등포구,서울특별시 영등포구 영등포로53길 21 (영등포동2가),서울특별시 영등포구 영등포동2가 208,할인적용최소연령 : 65
KCOCFPO23N000001653,문화시설,상도상회,서울특별시,영등포구,서울특별시 영등포구 영중로14길 11 (영등포동5가),서울특별시 영등포구 영등포동5가 16-22,할인적용최소연령 : 65
KCOCFPO23N000001764,문화시설,유래회관,서울특별시,성동구,서울특별시 성동구 마장로 196 (홍익동),서울특별시 성동구 홍익동 357 유래회관,할인적용최소연령 : 70
KCOCFPO23N000001765,문화시설,한방닭한마리,서울특별시,성동구,서울특별시 성동구 왕십리로 330-6 (도선동),서울특별시 성동구 도선동 253-9,할인적용최소연령 : 70
KCOCFPO23N000001766,문화시설,돈구어,서울특별시,성동구,서울특별시 성동구 왕십리로20길 18 (도선동),서울특별시 성동구 도선동 16-2,할인적용최소연령 : 70
KCOCFPO23N000001767,문화시설,별이빛나는목장,서울특별시,성동구,서울특별시 성동구 왕십리로30길 1 (도선동),서울특별시 성동구 도선동 398-2,할인적용최소연령 : 70
KCOCFPO23N000001768,문화시설,"마산아구찜,탕",서울특별시,성동구,서울특별시 성동구 왕십리로30길 2-1 (도선동),서울특별시 성동구 도선동 343-11,할인적용최소연령 : 70
KCOCFPO23N000001769,문화시설,국수일가,서울특별시,성동구,서울특별시 성동구 왕십리로30길 4 (도선동),서울특별시 성동구 도선동 343-12,할인적용최소연령 : 70
KCOCFPO23N000001771,문화시설,재동골식당,서울특별시,성동구,서울특별시 성동구 자동차시장1길 34 (용답동),서울특별시 성동구 용답동 230-17,할인적용최소연령 : 70
KCOCFPO23N000001772,문화시설,곤지암 할매 소머리 국밥,서울특별시,성동구,서울특별시 성동구 용답29길 10 (용답동),서울특별시 성동구 용답동 8-9,할인적용최소연령 : 70
KCOCFPO23N000001838,문화시설,다도회집,서울특별시,광진구,서울특별시 광진구 뚝섬로 670 (자양동),서울특별시 광진구 자양동 662-13,할인적용최소연령 : 65
KCOCFPO23N000001839,문화시설,조희미용실,서울특별시,광진구,서울특별시 광진구 뚝섬로52나길 25 (자양동),서울특별시 광진구 자양동 651-3,할인적용최소연령 : 65
KCOCFPO23N000001840,문화시설,양숙이네,서울특별시,광진구,서울특별시 광진구 자양로4길 9 (자양동),서울특별시 광진구 자양동 685-15,할인적용최소연령 : 65
KCOCFPO23N000000019,문화시설,전통찻집,서울특별시,종로구,서울특별시 종로구 종로 19 (종로1가),서울특별시 종로구 종로1가 24 르메이에르종로타운1,-
KCOCFPO23N000000026,문화시설,심우방전통찻집,서울특별시,종로구,서울특별시 종로구 인사동12길 1 (관훈동),서울특별시 종로구 관훈동 70,-
KCOCFPO23N000000030,문화시설,이원전통찻집,서울특별시,종로구,서울특별시 종로구 삼봉로 60 (청진동),서울특별시 종로구 청진동 2-2,-
KCOCFPO23N000000032,문화시설,미담전통찻집,서울특별시,종로구,서울특별시 종로구 북촌로5가길 44-5 (화동),서울특별시 종로구 화동 65-6,-
KCOCFPO23N000000043,문화시설,서울에서첫번째로잘하는전통찻집,서울특별시,중구,서울특별시 중구 세종대로9길 41 (서소문동),서울특별시 중구 서소문동 135 퍼시픽타워,-
KCOCFPO23N000000046,문화시설,그자리전통찻집,서울특별시,노원구,서울특별시 노원구 동일로242길 107 (상계동),서울특별시 노원구 상계동 1003,-
KCOCFPO23N000000050,문화시설,전통찻집토담,서울특별시,중구,서울특별시 중구 정동길 43 (정동),서울특별시 중구 정동 8-11 국립정동극장,-
KCOCFPO23N000000054,문화시설,고향전통찻집,서울특별시,영등포구,서울특별시 영등포구 국회대로68길 11 (여의도동),서울특별시 영등포구 여의도동 14-24 삼보호정빌딩,-
KCOCFPO23N000000075,문화시설,상록한방전통찻집,서울특별시,종로구,서울특별시 종로구 종로17길 52 (낙원동),서울특별시 종로구 낙원동 236-1 낙원빌딩,-
KCOCFPO23N000000076,문화시설,전통찻집덕수궁,서울특별시,중구,서울특별시 중구 서소문로 109 (서소문동),서울특별시 중구 서소문동 53-6,-
KCOCFPO23N000000078,문화시설,풍경이있는전통찻집,서울특별시,종로구,서울특별시 종로구 인사동길 29 (관훈동),서울특별시 종로구 관훈동 197-4,-
KCOCFPO23N000000080,문화시설,다원전통찻집,서울특별시,금천구,서울특별시 금천구 디지털로9길 32 (가산동),서울특별시 금천구 가산동 60-5 갑을그레이트밸리,-
KCOCFPO23N000000119,문화시설,갤러리전통찻집,서울특별시,강북구,서울특별시 강북구 화계사길 46 (수유동),서울특별시 강북구 수유동 501,-
KCOCFPO23N000000120,문화시설,시니어카페카리스,서울특별시,동작구,서울특별시 동작구 상도로60길 8 (상도동),서울특별시 동작구 상도동 493-10 상도제일교회,-
KCOCFPO23N000000121,문화시설,전통찻집,서울특별시,영등포구,서울특별시 영등포구 국회대로62길 14 (여의도동),서울특별시 영등포구 여의도동 18-3 한국보이스카우트연맹회관,-
KCOCFPO23N000000122,문화시설,덕수궁전통찻집,서울특별시,영등포구,서울특별시 영등포구 국회대로68길 11 (여의도동),서울특별시 영등포구 여의도동 14-24 삼보호정빌딩,-
KCOCFPO23N000000123,문화시설,다오래전통찻집,서울특별시,용산구,서울특별시 용산구 새창로45길 25 (신계동),서울특별시 용산구 신계동 25-8 유진약국,-
KCOCFPO23N000000124,문화시설,보성전통찻집,서울특별시,종로구,서울특별시 종로구 종로7길 47 (공평동),서울특별시 종로구 공평동 130-1,-
KCOCFPO23N000000125,문화시설,서울에서첫번째로잘하는전통찻집,서울특별시,중구,서울특별시 중구 세종대로 124 (태평로1가),서울특별시 중구 태평로1가 25 한국프레스센터,-
KCOCFPO23N000000142,문화시설,기명전통찻집,서울특별시,강동구,"서울특별시 강동구 올림픽로 664 (천호동, 대우 한강 베네시티)",서울특별시 강동구 천호동 425-5 대우 한강 베네시티,-
KCOCFPO23N000000143,문화시설,백운전통찻집,서울특별시,서초구,서울특별시 서초구 강남대로10길 60-1 (양재동),서울특별시 서초구 양재동 337-15,-
KCOCFPO23N000000144,문화시설,명성전통찻집,서울특별시,송파구,서울특별시 송파구 백제고분로39길 34 (석촌동),서울특별시 송파구 석촌동 181,-
KCOCFPO23N000000145,문화시설,전통찻집,서울특별시,종로구,서울특별시 종로구 삼봉로 81 (수송동),서울특별시 종로구 수송동 58 두산위브파빌리온,-
KCOCFPO23N000000146,문화시설,인사전통찻집,서울특별시,종로구,서울특별시 종로구 인사동길 14 (인사동),서울특별시 종로구 인사동 39,-
KCOCFPO23N000000168,문화시설,다인전통찻집,서울특별시,마포구,서울특별시 마포구 신촌로 182 (대흥동),서울특별시 마포구 대흥동 12-1,-
KCOCFPO23N000000169,문화시설,서울에서첫번째전통찻집,서울특별시,종로구,서울특별시 종로구 새문안로5길 19 (당주동),서울특별시 종로구 당주동 5 로얄빌딩,-
KCOCFPO23N000000170,문화시설,함박전통찻집,서울특별시,서초구,서울특별시 서초구 서초대로40길 77 (서초동),서울특별시 서초구 서초동 1538-1,-
KCOCFPO23N000000180,문화시설,시니어카페이스턴,서울특별시,서대문구,서울특별시 서대문구 모래내로 173 (남가좌동),서울특별시 서대문구 남가좌동 139-4 동방사회복지회관,-
KCOCFPO23N000000198,문화시설,전통찻집담소,서울특별시,마포구,서울특별시 마포구 월드컵북로 396 (상암동),서울특별시 마포구 상암동 1605 누리꿈스퀘어,-
KCOCFPO23N000000215,문화시설,박수진전통찻집,서울특별시,영등포구,서울특별시 영등포구 국회대로68길 11 (여의도동),서울특별시 영등포구 여의도동 14-24 삼보호정빌딩,-
KCOCFPO23N000000221,문화시설,백년전통찻집,서울특별시,강북구,서울특별시 강북구 한천로 1130 (수유동),서울특별시 강북구 수유동 254-27,-
KCOCFPO23N000000228,문화시설,전통찻집,서울특별시,중구,서울특별시 중구 마른내로2길 19 (초동),서울특별시 중구 초동 54,-
KCOCFPO23N000000240,문화시설,궁전전통찻집,서울특별시,은평구,"서울특별시 은평구 불광로 25-1 (대조동, 디와이빌)",서울특별시 은평구 대조동 9-12 디와이빌,-
KCOCFPO23N000000248,문화시설,다향전통찻집,서울특별시,서대문구,서울특별시 서대문구 연희맛로 34 (연희동),서울특별시 서대문구 연희동 137-13 남강빌딩,-
KCOCFPO23N000000261,문화시설,대현동전통찻집,서울특별시,서대문구,서울특별시 서대문구 신촌역로 16 (대현동),서울특별시 서대문구 대현동 27-20 신촌가이아,-
KCOCFPO23N000000057,문화시설,삼경사,서울,영등포구,서울특별시 영등포구 대림로 181,서울 영등포구 대림동 739-4,할인적용최소연령 : 65
KCOCFPO23N000000060,문화시설,남대문 안경마을,서울,영등포구,서울특별시 영등포구 대림로35길 1,서울 영등포구 대림동 740-1,할인적용최소연령 : 65
KCOCFPO23N000000081,문화시설,대림 의료기,서울,영등포구,서울특별시 영등포구 시흥대로187길 12,서울 영등포구 대림동 946-1,할인적용최소연령 : 65
KCOCFPO23N000000164,문화시설,란안경원,서울,광진구,서울특별시 광진구 아차산로 387,서울 광진구 구의동 246-43,할인적용최소연령 : 65
KCOCFPO23N000000165,문화시설,자연스튜디오,서울,광진구,서울특별시 광진구 자양로 116,서울 광진구 구의동 252-16,할인적용최소연령 : 65
KCOCFPO23N000000198,문화시설,방배건강원,서울,서초구,서울특별시 서초구 방배로10길 10-25,서울 서초구 방배동 983-23,할인적용최소연령 : 65
KCOCFPO23N000000206,문화시설,건강대중탕,서울,광진구,서울특별시 광진구 뚝섬로 585,서울 광진구 자양동 520-9,할인적용최소연령 : 65
KCOCFPO23N000000226,문화시설,우리유황온천,서울,광진구,서울특별시 광진구 자양로5길 33,서울 광진구 자양동 663-21,할인적용최소연령 : 65
KCOCFPO23N000000239,문화시설,귀빈세탁소,서울,광진구,서울특별시 광진구 아차산로36길 39,서울 광진구 자양동 783-1,할인적용최소연령 : 65
KCOCFPO23N000000241,문화시설,비취보석대중탕,서울,광진구,서울특별시 광진구 뚝섬로 552,서울 광진구 자양동 553-501,할인적용최소연령 : 65
KCOCFPO23N000000275,문화시설,명문공인중개사사무소,서울,영등포구,서울특별시 영등포구 가마산로79길 7,서울 영등포구 신길동 4934,할인적용최소연령 : 65
KCOCFPO23N000000284,문화시설,나라보청기상사,서울,영등포구,서울특별시 영등포구 신길로 119,서울 영등포구 신길동 4937,할인적용최소연령 : 65
KCOCFPO23N000000289,문화시설,팔자보백숙,서울,성동구,서울특별시 성동구 용답중앙25길 11,서울 성동구 용답동 10-3,할인적용최소연령 : 70
KCOCFPO23N000000292,문화시설,봉평골 메밀막국수,서울,성동구,서울특별시 성동구 고산자로 284,서울 성동구 행당동 192-29,할인적용최소연령 : 70
KCOCFPO23N000000295,문화시설,씨제이푸드빌㈜ 빕스 왕십리점,서울,성동구,서울특별시 성동구 왕십리광장로 17,서울 성동구 행당동 168-151,할인적용최소연령 : 70
KCOCFPO23N000000296,문화시설,황금가든,서울,성동구,서울특별시 성동구 행당로8길 8-1,서울 성동구 행당동 375-2,할인적용최소연령 : 70
KCOCFPO23N000000298,문화시설,시온반점,서울,성동구,"서울특별시 성동구 왕십리로19길 18, 1층 (행당동)",서울 성동구 행당동 130-69,할인적용최소연령 : 70
KCOCFPO23N000000987,문화시설,동보성,서울,성동구,서울특별시 성동구 한림말길 31,서울 성동구 옥수동 250-7,할인적용최소연령 : 70
KCOCFPO23N000001014,문화시설,행복한고기집,서울,성동구,서울특별시 성동구 상원10다길 26,서울 성동구 성수동1가 708,할인적용최소연령 : 70
KCOCFPO23N000001017,문화시설,오즈카페,서울,성동구,서울특별시 성동구 왕십리로 63,서울 성동구 성수동1가 685-704,할인적용최소연령 : 70
KCOCFPO23N000001018,문화시설,브리너,서울,성동구,서울특별시 성동구 왕십리로 63 언더스탠드애비뉴 브리너 (성수동1가),서울 성동구 성수동1가 685-701,할인적용최소연령 : 70
KCOCFPO23N000001025,문화시설,예손가,서울,성동구,서울특별시 성동구 동일로 143,서울 성동구 성수동2가 279-50,할인적용최소연령 : 70
KCOCFPO23N000001046,문화시설,진헤어샵,서울,성동구,서울특별시 성동구 성덕정길 71,서울 성동구 성수동1가 289,할인적용최소연령 : 70
KCOCFPO23N000001123,문화시설,방문자헤어아트,서울,성동구,서울특별시 성동구 고산자로8길 24,서울 성동구 행당동 117-10,할인적용최소연령 : 70
KCOCFPO23N000001125,문화시설,성수사우나,서울,성동구,서울특별시 성동구 왕십리로 88,서울 성동구 성수동1가 656-950,할인적용최소연령 : 70
KCOCFPO23N000001126,문화시설,수주머리나라,서울,성동구,서울특별시 성동구 광나루로11길 9-1,서울 성동구 송정동 66-85,할인적용최소연령 : 70
KCOCFPO23N000001127,문화시설,시크헤어,서울,성동구,서울특별시 성동구 용답15가길 17,서울 성동구 용답동 50-17,할인적용최소연령 : 70
KCOCFPO23N000001128,문화시설,신세대이용,서울,성동구,서울특별시 성동구 금호산2길 22-1,서울 성동구 금호동3가 399-3,할인적용최소연령 : 70
KCOCFPO23N000001129,문화시설,씨티헤어샵,서울,성동구,서울특별시 성동구 성수이로 137,서울 성동구 성수동2가 834,할인적용최소연령 : 70
KCOCFPO23N000001133,문화시설,옥수웰빙사우나,서울,성동구,서울특별시 성동구 독서당로 184,서울 성동구 옥수동 559,할인적용최소연령 : 70
KCOCFPO23N000001135,문화시설,유경헤어라운지,서울,성동구,서울특별시 성동구 금호로 102,서울 성동구 금호동1가 633,할인적용최소연령 : 70
KCOCFPO23N000001139,문화시설,공윤성뷰티하우스,서울,성동구,서울특별시 성동구 성수일로10길 33,서울 성동구 성수동2가 289-27,할인적용최소연령 : 70
KCOCFPO23N000001208,문화시설,행운,서울,성동구,"서울특별시 성동구 성덕정길 84,지상1층 (성수동2가)",서울 성동구 성수동2가 506,할인적용최소연령 : 70
KCOCFPO23N000001213,문화시설,세련헤어,서울,성동구,서울특별시 성동구 성덕정길 33,서울 성동구 성수동1가 95,할인적용최소연령 : 70
KCOCFPO23N000001296,문화시설,아이핏 안경 콘택트,서울,영등포구,서울특별시 영등포구 당산로 34,서울 영등포구 문래동3가 55-5,할인적용최소연령 : 65
KCOCFPO23N000001302,문화시설,열린안경,서울,영등포구,서울특별시 영등포구 선유로 71,서울 영등포구 문래동6가 8,할인적용최소연령 : 65
KCOCFPO23N000001309,문화시설,카페 오가닉,서울,영등포구,서울특별시 영등포구 당산로 34,서울 영등포구 문래동3가 55-5,할인적용최소연령 : 65
KCOCFPO23N000001310,문화시설,로데오 노래방,서울,영등포구,서울특별시 영등포구 당산로 34,서울 영등포구 문래동3가 55-5,할인적용최소연령 : 65
KCOCFPO23N000001315,문화시설,쉐프조,서울,영등포구,서울특별시 영등포구 문래로 98,서울 영등포구 문래동3가 77-8,할인적용최소연령 : 65
KCOCFPO23N000001320,문화시설,닥터(Dr.)유 안경원,서울,광진구,서울특별시 광진구 구의강변로 102,서울 광진구 구의동 199-23,할인적용최소연령 : 65
KCOCFPO23N000001361,문화시설,티엠안경원,서울,광진구,서울특별시 광진구 광나루로56길 85,서울 광진구 구의동 546-4,할인적용최소연령 : 65
KCOCFPO23N000001379,문화시설,에뿌즈플라워,서울,영등포구,서울특별시 영등포구 당산로 163,서울 영등포구 당산동4가 40,할인적용최소연령 : 65
KCOCFPO23N000001488,문화시설,닥터부동산,서울,영등포구,서울특별시 영등포구 당산로29길 1,서울 영등포구 당산동3가 398-1,할인적용최소연령 : 65
KCOCFPO23N000001498,문화시설,용가리노래방,서울,영등포구,서울특별시 영등포구 당산로47길 8,서울 영등포구 당산동6가 314,할인적용최소연령 : 65
KCOCFPO23N000001567,문화시설,스타일헤어,서울,영등포구,서울특별시 영등포구 영등포로 122,서울 영등포구 당산동2가 5-1,할인적용최소연령 : 65
KCOCFPO23N000001579,문화시설,동아천막사,서울,영등포구,서울특별시 영등포구 양산로 224,서울 영등포구 영등포동5가 137,할인적용최소연령 : 65
KCOCFPO23N000001581,문화시설,안안경,서울,영등포구,서울특별시 영등포구 은행로 29,서울 영등포구 여의도동 13-25,할인적용최소연령 : 65
KCOCFPO23N000001584,문화시설,다모아산채,서울,영등포구,서울특별시 영등포구 국회대로76길 18,서울 영등포구 여의도동 13-5,할인적용최소연령 : 65
KCOCFPO23N000001586,문화시설,여의도 양지탕,서울,영등포구,서울특별시 영등포구 국회대로70길 7,서울 영등포구 여의도동 14-2,할인적용최소연령 : 65
KCOCFPO23N000001652,문화시설,금산인삼,서울,영등포구,서울특별시 영등포구 영등포로 45길 28,서울 영등포구 영등포동2가 428,할인적용최소연령 : 65
KCOCFPO23N000001770,문화시설,양평해장국,서울,성동구,서울특별시 성동구 천호대로 274 (용답동),서울 성동구 용답동 103-8,할인적용최소연령 : 70
